topic,author_id
US Marines,77
United States Navy SEALs,45
United States Air Force,45
United States Navy,37
Recruit training,35
United States Army,35
Military,31
Don Shipley,26
United States Marine Corps Recruit Training,26
Donald Trump,26
Army,23
Drill instructor,23
Soldier,20
Marine Corps Recruit Depot Parris Island,19
Military cadence,18
United States Navy SEAL selection and training,16
United States Army Basic Training,16
United States Coast Guard,16
Stolen Valor Act of 2013,14
United States Air Force Basic Military Training,13
Bell Boeing V-22 Osprey,12
Lockheed Martin F-35 Lightning II,12
Firearm,11
United States Marine Corps Force Reconnaissance,11
National Guard of the United States,11
United States Armed Forces,10
"""The President's Own"" United States Marine Band",10
Helicopter,10
Tank,10
United States Army Rangers,10
Special Forces,10
HIMARS,9
Hillary Rodham Clinton,9
United States Marine Corps School of Infantry,9
The Young Turks,9
Howitzer,8
Air force,8
Sikorsky HH-60 Pave Hawk,8
Sniper,8
United States Marine Corps Forces Special Operations Command,8
Weapon,8
Navy,8
Boeing AH-64 Apache,8
Aerial refueling,8
Unmanned aerial vehicle,8
Parachuting,8
Video blog,8
Fort Benning,8
Infantry,7
"Recruit Training Command, Great Lakes, Illinois",7
Coast guard,7
75th Ranger Regiment,7
Airborne forces,7
Motivation,7
Special forces,7
Aircraft,7
M777 howitzer,7
Physical exercise,7
Glock,7
Marines,7
Ranger School,7
Officer Candidates School,7
United States Air Force Academy,7
Hovercraft,7
Army Black Knights football,7
Marine Corps Recruit Depot San Diego,7
Battle of Iwo Jima,7
M1 Abrams,7
PAVE,7
Practical joke,6
Cosmetics,6
Littoral combat ship,6
Black Lives Matter,6
Airman,6
USS Freedom,6
Netherlands Marine Corps,6
United States Military Academy,6
Tactic,6
American football,6
Boeing B-52 Stratofortress,6
Armed Services Vocational Aptitude Battery,6
Fighter aircraft,6
United States Air Force Combat Control Team,6
Officer Candidate School,6
Veteran,6
Marcus Luttrell,6
Special warfare combatant-craft crewmen,6
USS George H.W. Bush,6
Embraer EMB 314 Super Tucano,6
Richard Machowicz,6
James Mattis,6
Boeing F/A-18E/F Super Hornet,6
Boeing C-17 Globemaster III,6
United States Air Force Thunderbirds,5
Al-Bukamal,5
Air Naval Gunfire Liaison Company,5
War in Afghanistan (2001–present),5
Japan Coast Guard Academy,5
Marines' Hymn,5
Fort Jackson,5
United States Marine Corps Scout Sniper,5
The Star-Spangled Banner,5
General Dynamics F-16 Fighting Falcon,5
Navy Midshipmen football,5
Bell OH-58 Kiowa,5
United States Coast Guard Academy,5
Military police,5
Reconnaissance,5
United States Military Entrance Processing Command,5
Bernie Sanders,5
Surviving the Cut,5
Nevada National Guard,5
Car,5
Mine countermeasures vessel,5
Missile,5
Making Marines,5
United States Merchant Marine Academy,5
Vietnam War,4
Lone Survivor,4
Alex Jones,4
United States Department of Veterans Affairs,4
Orchestra,4
United States Army Airborne School,4
USS Bonhomme Richard (LHD-6),4
Medal of Honor,4
United States Marine Corps Physical Fitness Test,4
United States Marine Corps Light Armored Reconnaissance,4
M119 howitzer,4
"Meal, Ready-to-Eat",4
United States Air Force Pararescue,4
Cargo aircraft,4
USS Wasp,4
Live fire exercise,4
Documentary film,4
Bagram Airfield,4
2nd Marine Division,4
82nd Airborne Division Artillery,4
Submarine,4
Sergeant,4
Landing,4
Russian Armed Forces,4
Marine Corps Base Camp Pendleton,4
Staff sergeant,4
Marching band,4
Northrop Grumman X-47B,4
United States military occupation code,4
Sikorsky CH-53E Super Stallion,4
SOCOM,4
Fort Leonard Wood,4
10th Mountain Division,4
Barack Obama,4
Marine,4
Motorcycle,4
Motovlog,4
General Atomics MQ-1 Predator,4
Sikorsky UH-60 Black Hawk,4
Fairchild Republic A-10 Thunderbolt II,4
Gerard Butler,4
Attack helicopter,4
Military deployment,4
Machine gun,4
Air assault,4
Army–Navy Game,4
Air Force Special Operations Command,4
LAV-25,4
Tiltrotor,4
Kirtland Air Force Base,4
Artillery,4
Defense Language Institute,4
Devil Dog,4
Dog,4
John Philip Sousa,4
Military of Slovenia,4
Bell UH-1Y Venom,4
AK-47,4
Islamic State of Iraq and the Levant,4
Roblox,4
United States Department of Defense Education Activity,3
United States Coast Guard Air Stations,3
"United States presidential election, 2016",3
Boeing KC-135 Stratotanker,3
United States special operations forces,3
United States presidential inauguration,3
Battlefield,3
United States of America,3
United States Department of the Air Force,3
Okinawa Prefecture,3
Bayonet,3
United States Navy EOD,3
Boat,3
Blue Angels,3
United States Naval Special Warfare Command,3
United States Merchant Marine,3
Music,3
Combat Fitness Test,3
Bomber,3
Exercise RIMPAC,3
Stolen Valor: How the Vietnam Generation Was Robbed of its Heroes and its History,3
I Marine Expeditionary Force,3
Musical ensemble,3
Fallujah,3
Fallout,3
Rockwell B-1 Lancer,3
Taliban,3
United States Cavalry,3
Rifle,3
Terminal Lance,3
Reserve Officers' Training Corps,3
Drums,3
Red Flag exercise,3
"Donald Trump presidential campaign, 2016",3
Stock footage,3
Flight,3
Footage,3
SEAL Team Six,3
Ford,3
SIG Sauer,3
Fort Indiantown Gap,3
Hospital corpsman,3
Fourragère,3
G-Eazy,3
GLOCK 19,3
Helocast,3
Grand Theft Auto,3
Grand Theft Auto V,3
Gulf War,3
Gun,3
Gunship,3
Dogs in warfare,3
The Finest Hours,3
Ranger Assessment and Selection Program,3
USS Boxer (LHD-4),3
United States Army War College,3
Operation Red Wings,3
United States Army Reserve,3
United States Army Infantry School,3
M270 Multiple Launch Rocket System,3
United States Army Band,3
CNN,3
Osan Air Base,3
Camp Gonsalves,3
USS Zumwalt (DDG-1000),3
Paratrooper,3
Cat,3
Cavalry scout,3
USS Dwight D. Eisenhower,3
Lockheed C-5 Galaxy,3
RIM-116 Rolling Airframe Missile,3
Lockheed C-130 Hercules,3
Lockheed AC-130,3
Tuba,3
Lance corporal,3
Lackland Air Force Base,3
Training,3
Trailer,3
Concert band,3
Knife,3
The Wild Blue Yonder,3
The U.S. Air Force,3
The Stars and Stripes Forever,3
Pugil stick,3
Delayed Entry Program,3
Bakken pipeline,3
Gym,3
Admiral,3
Minecraft,3
News,3
Marine Corps Logistics Base Albany,3
3rd Light Armored Reconnaissance Battalion,3
Military Officer,3
5th Marine Regiment,3
Attack on Pearl Harbor,3
Mark Welsh,3
Military robot,3
Mississippi Army National Guard,3
Marine Expeditionary Force,3
Mortar,3
Assault rifle,3
Misawa Air Base,3
Assault Amphibious Vehicle,3
Marine Raiders,3
Ammunition,3
Marine Security Guard,3
15th Marine Expeditionary Unit,3
Aerobatics,3
Marine Corps Base Camp Lejeune,3
Aircraft carrier,3
Zika virus,3
Airman's Creed,3
Air Force Falcons football,3
Air Force Academy,3
1st Reconnaissance Battalion,3
Airsoft,3
.50 BMG,3
World War III,3
Airman's coin,3
Army Reserve,3
Martial arts,3
Zumwalt class destroyer,3
Squat,2
Concert,2
Modest Petrovich Mussorgsky,2
SHOT Show,2
Toy,2
Cupcake,2
24th Special Tactics Squadron,2
24th Marine Expeditionary Unit,2
2016 Democratic National Convention,2
SpongeBob SquarePants,2
Air Force Officer Training School,2
Special Purpose Marine Air-Ground Task Force for Crisis Response,2
Air Force Global Strike Command,2
Air Force One,2
Company (military unit),2
Pokémon,2
Police,2
Stanford Cardinal men's basketball,2
3rd Battalion 2nd Marines,2
Korea,2
Yellow ribbon,2
Standing Rock Indian Reservation,2
Tomahawk,2
Time,2
LDRSHIP,2
Molly on the Shore,2
Tokyo Kosei Wind Orchestra,2
Food,2
Howard Metzenbaum,2
Toby Keith,2
Counter-Strike: Global Offensive,2
CrossFit,2
Crash Course,2
Baghdad,2
Navy of the Army of the Guardians of the Islamic Revolution,2
Train,2
Holloman Air Force Base,2
Lieutenant,2
Lieutenant general,2
U.S. Army Airborne,2
Syrian civil war,2
Freestyle rap,2
Lincolnshire Posy,2
Percy Grainger,2
Little green men,2
Semper fidelis,2
Full Metal Jacket,2
Chief of Staff of the United States Army,2
Future Weapons,2
Chicago Air & Water Show,2
Lockheed HC-130,2
Lockheed Martin F-22 Raptor,2
Chevrolet Camaro,2
Alenia C-27J Spartan,2
Aleppo,2
Mosul,2
Honor guard,2
SOCOM: U.S. Navy SEALs,2
Nellis Air Force Base,2
West Point,2
Pistol,2
Lacrosse,2
Piracy in Somalia,2
SIG Sauer P320,2
Humvee,2
Comic Book Girl 19,2
Air show,2
Piano,2
Airbus A400M Atlas,2
Largemouth bass,2
Weighted Airman Promotion System,2
Fort Richardson,2
Tropical cyclone,2
Fort Wainwright,2
Late Show with Stephen Colbert,2
Late-night talk show,2
Cobra Gold,2
Mike Pence,2
Kellyanne Conway,2
Stars and Stripes,2
Reserve Officer Training Corps,2
Republican National Convention,2
Jesse Williams,2
Military technology,2
FAFSA,2
Drum and bugle corps,2
Republic of Korea Marine Corps,2
Drill team,2
The Army Goes Rolling Along,2
Misawa,2
Fallout: 4,2
82nd Airborne Division,2
Douglas C-47 Skytrain,2
Military recruitment,2
Red Cell,2
Johannes Hanssen,2
Imperial Japanese Army,2
Immersive video,2
Adam Driver,2
Military parade,2
Rescue,2
Extraterrestrial life,2
Hunting,2
EAA AirVenture Oshkosh,2
World War II,2
Road rage,2
Syrian Army,2
AIT Platoon Sergeant,2
Israel Defense Forces,2
Takeoff,2
World War I,2
ARMA,2
ARMA 3,2
Taps,2
Robin Olds,2
Robins Air Force Base,2
Mine-clearing line charge,2
Rheinmetall KZO,2
Exercise Talisman Saber,2
Exercise Valiant Shield,2
Inside Combat Rescue,2
Infantry fighting vehicle,2
Explosive Ordnance Disposal Badge,2
John Glenn,2
Nautical fiction,2
Illegal immigration,2
66th Rescue Squadron,2
Mixed martial arts,2
Quinn Martin,2
Nuclear weapon,2
Death of Osama bin Laden,2
Royal Thai Marine Corps,2
Puppy,2
First Amendment to the United States Constitution,2
The Selection,2
White people,2
Air Force 1,2
1st Special Forces Operational Detachment-Delta,2
Russia,2
Russian Air Force,2
Kendrick Lamar,2
Kenny Chesney,2
3rd Battalion 5th Marines,2
Kevin Gates,2
Khobar Towers bombing,2
Fishing,2
Democratic National Convention,2
Naval Station Great Lakes,2
Racism,2
Joint Unmanned Combat Air Systems,2
Military helicopter,2
Military exercise,2
John Williams,2
Feminism,2
Real Time with Bill Maher,2
Dixie Chicks,2
Division,2
Ronald Reagan,2
Joint terminal attack controller,2
Railgun,2
Field Artillery Branch,2
"Joseph F. Dunford, Jr.",2
Dickin Medal,2
Ranger tab,2
Fife,2
Military aircraft,2
Destroyer,2
Raise Hell,2
Lockheed Martin KC-130,2
U.S. Army All-American Marching Band,2
USS Fort Worth (LCS-3),2
Armoured vehicle-launched bridge,2
No One Gets Left Behind,2
Anti-tank missile,2
Anti-tank warfare,2
United States Coast Guard Cutter,2
United States Coast Guard Reserve,2
Hand grenade,2
Marksman,2
Noncommissioned officer's creed,2
Boeing CH-47 Chinook,2
10th Marine Regiment,2
"Visit, board, search, and seizure",2
10mm Auto,2
Mark A. Milley,2
Violin,2
Second Battle of Fallujah,2
Boeing,2
Bodybuilding,2
United States Marine Air-Ground Task Force Reconnaissance,2
United States Marine Corps Aviation,2
Marja,2
Armed forces,2
Bone fracture,2
Boot camp,2
Melting,2
M240 machine gun,2
United States Air Force Special Operations Weather Technician,2
United States Air Force Tactical Air Control Party,2
"Harvey C. Barnum, Jr.",2
United States Armed Forces oath of enlistment,2
Bureau of Diplomatic Security,2
M16 rifle,2
United States Army Air Forces,2
War,2
11th Marine Expeditionary Unit,2
Master Chief Petty Officer of the Navy,2
Boxing,2
Shotgun,2
Shooting sport,2
M4 carbine,2
M60 AVLB,2
God's Gonna Cut You Down,2
M60 Patton,2
Shooting,2
Harley-Davidson Motor Company,2
Ship,2
Armoured fighting vehicle,2
Armoured warfare,2
United States Air Force Security Forces,2
Army Combat Shirt,2
United States Navy officer rank insignia,2
Northrop Grumman B-2 Spirit,2
Marine Corps Base Quantico,2
United States Secretary of Defense,2
United States Secretary of the Air Force,2
Valdres,2
Battle of Chosin Reservoir,2
Okinawa Marine,2
Battle of Aleppo,2
Bass fishing,2
Basketball,2
Northrop T-38 Talon,2
Barracks,2
Marine Combat Instructor of Water Survival,2
"Marine Barracks, Washington, D.C.",2
Gun control,2
September 11 attacks,2
H. Robert Reynolds,2
'Till I Collapse,2
Obstacle course,2
Gus Bilirakis,2
Marine Corps Marathon,2
Marine Corps Martial Arts Program,2
United States Navy Reserve,2
North Korea,2
Marine expeditionary unit,2
Marine Special Operations Regiment,2
United States Marine Corps Silent Drill Platoon,2
Bill Maher,2
United States Marine Corps Warfighting Laboratory,2
United States Marine Corps Wounded Warrior Regiment,2
United States Marine Corps birthday ball,2
Best Ranger Competition,2
United States Marine Drum and Bugle Corps,2
Assault Breacher Vehicle,2
Serene,2
Self-defense,2
United States Naval Sea Cadet Corps,2
Astronaut,2
Atheism,2
Veterans Day,2
Bell AH-1Z Viper,2
HMH-463,2
Bell AH-1 Cobra,2
United States Navy Band,2
BuzzFeed,2
Iron Man,2
Long-range reconnaissance patrol,2
USS Ohio,2
Amphibious warfare,2
Camp Leatherneck,2
USS Ronald Reagan (CVN-76),2
Wasp-class amphibious assault ship,2
Osama bin Laden,2
Captain,2
Helmet camera,2
Ambush,2
Unidentified flying object,2
George Harrison,2
Amphibious assault ship,2
Unboxing,2
"Washington, D.C.",2
Gary Johnson,2
PARTYNEXTDOOR,2
Anchors Aweigh,2
173rd Airborne Brigade Combat Team,2
American Soldier,2
USS Green Bay (LPD-20),2
Haubits FH77,2
Snoop Dogg,2
Alien invasion,2
USS George Washington (CVN-73),2
1st Armored Division,2
Sniper rifle,2
McDonnell Douglas F/A-18 Hornet,2
Cadet Ice Arena,2
USS Makin Island (LHD-8),2
Cake,2
Saturday Night Live,2
Gavin McInnes,2
United States Air Force Band,2
Ghostbusters III,2
Muzzle brake,1
Sabine Schmitz,1
National Fencibles,1
Sailor,1
Sales,1
Rockwell,1
Naruto,1
Rocky Bleier,1
SWAT,1
SS Pendleton,1
STABO,1
STS-51-L,1
SUNY-ESF Ranger School,1
Selena Gomez,1
Sapper,1
Self-propelled artillery,1
Saab JAS 39 Gripen,1
Rohan,1
National Football League Coach of the Year Award,1
Sanitary sewer,1
National Emblem,1
Roger Nixon,1
Rodrigo Duterte,1
Rogue wave,1
Sandy Hook Elementary School shooting,1
Sam Wills,1
Rockford Air show,1
My Strange Addiction,1
San Antonio Spurs,1
My President,1
Robert Russell Bennett,1
Robert O'Neill,1
Samsung Galaxy S5,1
Robert F. Kennedy,1
Robert A. McDonald,1
Samuel Barber,1
Rob Evan,1
Roast,1
Roadkill Christmas (Bubba J),1
San Antonio Military Medical Center,1
Semper Fidelis,1
Semper Paratus,1
Robot,1
Robot combat,1
Rock and Roll Hall of Fame,1
Samsung Electronics,1
Sandy Hook Elementary School shooting conspiracy theories,1
Rockford,1
Sammy L. Davis,1
Sapper Tab,1
Sandor Clegane,1
Samoa Joe,1
San Lorenzo march,1
Mutillidae,1
Rocket launcher,1
Rocket,1
Samsung Galaxy,1
Muzzle,1
Semper Fi,1
San Lorenzo,1
"Roman Carnival Overture, Op. 9",1
My Girl,1
Seether,1
Seabee,1
Science,1
Nangarhar Province,1
Russian Navy,1
Scarborough Shoal,1
My Block,1
Russian Civil War,1
Scala & Kolacny Brothers,1
Save It for a Rainy Day,1
Scott Taylor,1
Screaming Trees,1
SeaWorld San Antonio,1
SIG Sauer P226,1
Sauer & Sohn,1
Ruger LCP,1
Ruffles and flourishes,1
Scarface,1
Russian aircraft carrier Admiral Kuznetsov,1
Ryan Lochte,1
Scherzo for Band,1
School,1
School Psychology,1
Scholarship,1
Narco-submarine,1
School shooting,1
SEAL Delivery Vehicle,1
S.E.X.,1
Schweizerische Industrie Gesellschaft,1
Schutztruppe,1
SEMA Show,1
SET News,1
Narcissism,1
Rémi Gaillard,1
Ryan Zinke,1
Royal Welch Fusiliers,1
Nate Ebner,1
SPARS,1
Seal,1
Roomba,1
Sargon of Akkad,1
Room,1
Sarah Palin,1
SOCOM II: U.S. Navy SEALs,1
Ronald Reagan Ballistic Missile Defense Test Site,1
Second lieutenant,1
Secret,1
SOCOM: U.S. Navy SEALs Confrontation,1
Security clearance,1
Ron Nelson,1
Romanian Police,1
My Little Girl,1
Roman shade,1
SOG Specialty Knives,1
Second Regiment Connecticut,1
Sasebo,1
Royal Air Force Police,1
Royal Marines Band Service,1
NORAD Tracks Santa,1
Royal Navy,1
National Collegiate Boxing Association,1
Search and seizure,1
NBA Development League,1
My Bonny Boy,1
NATO Days in Ostrava,1
SOCOM 4: U.S. Navy SEALs,1
Royal International Air Tattoo,1
Sasuke Uchiha,1
Second Amendment,1
NASA,1
Royal Australian Infantry Corps,1
My Way,1
Scott Lindroth,1
Pyotr Ilyich Tchaikovsky,1
Riverside Military Academy,1
Parachutist Badge,1
Paul Cardall,1
Paul Begley,1
Patrol boat,1
Never Alone,1
Patriot League,1
Patrick Air Force Base,1
Passacaglia: Homage on B-A-C-H,1
Parrot,1
Never Gonna Be Alone,1
Parris Island,1
Never Gonna Give You Up,1
Parade,1
Never Let Go,1
Paul Hindemith,1
Parachute cord,1
Parachute,1
Panzergrenadier,1
Panzer Kaserne,1
Panic! at the Disco,1
Panavia Tornado,1
Palm Sunday,1
Pakistan Super League,1
Pakistan Rangers,1
Paintball,1
Pablo de Sarasate,1
Overwatch,1
Paul Harvey,1
Pearl Harbor Survivors Association,1
Philippines Department of National Defense,1
Peshmerga,1
Philippine Army,1
Philip Sparke,1
Philip DeFranco,1
Philip Davies,1
Phil Wickham,1
Phil Mason,1
Pharmacy,1
Phantom circuit,1
Phantom,1
Peyton Manning,1
PewDiePie,1
Peter Gabriel,1
Persian Gulf,1
Pen,1
Nepalese Army,1
Pepsi,1
People's Liberation Army Navy,1
People's Liberation Army,1
People's Army of Vietnam,1
Penn State Nittany Lions football,1
Penn Jillette,1
Nerdist News,1
Nerf,1
Nerf war,1
Nerve agent,1
Pencil,1
Overture to La forza del destino,1
Overture To William Tell,1
Outlaw Country,1
Omicron Delta Kappa,1
Norden bombsight,1
Normandy landings,1
Operation Inherent Resolve,1
Operation Enduring Freedom,1
Operation Atlantic Resolve,1
North American Aerospace Defense Command,1
North American XB-70 Valkyrie,1
Open carry in the United States,1
Oorah,1
One Station Unit Training,1
On My Block,1
North Texas Mean Green football,1
Old Guard Fife and Drum Corps,1
Our Last Fight,1
Old Comrades,1
Oil spill,1
Ohio State University,1
Ohio Army National Guard,1
Norwegian Labour and Welfare Administration,1
Not Ready to Make Nice,1
Nouha Dicko,1
Noyo River,1
Off-roading,1
Nuclear submarine,1
OS X,1
O.T. Genasis,1
Operation Looking Glass,1
Operation Moshtarak,1
Non-commissioned officer,1
No-fly zone,1
New Crusaders,1
New Jalpaiguri railway station,1
New Kids on the Block,1
Origami,1
New Orleans Mardi Gras,1
New World Order,1
Oregon Inlet,1
New York Comic Con,1
New York Hippodrome,1
Newt Gingrich,1
Next Contestant,1
Order of battle,1
Next-Generation Bomber,1
Neyland Stadium,1
Orangutan,1
Nicholas Irving,1
Oprah Winfrey,1
Nick Gilder,1
Nickel defense,1
Opposing force,1
Nickelback,1
Ophiuchus,1
Nickelodeon,1
Operations security,1
Nigel Thornberry,1
Philippine Marine Corps,1
Phishing,1
Riptide,1
Naval Air Station North Island,1
Remember You,1
Remember Everything,1
Regret Not,1
Regiment,1
Refrigerator,1
Redneck Side of Me,1
Redbone,1
Recruitment,1
National anthem,1
Naval Air Station Barbers Point,1
Recommendation letter,1
Naval Air Station Lemoore,1
Recoilless rifle,1
Republic of Korea Air Force,1
Rebecca Black,1
Rear admiral,1
Raúl Esparza,1
Raymond T. Odierno,1
Ravi Zacharias,1
Rascal Flatts,1
Rapping,1
Rangers F.C.,1
Naval Base Kitsap,1
Naval Infantry Force,1
Ralph Vaughan Williams,1
Raising the Flag on Iwo Jima,1
Remix,1
Republic of Korea Naval Special Warfare Flotilla,1
Phoenix,1
National Museum of the United States Army,1
Ripping,1
Rigid-hulled inflatable boat,1
Riders for the Flag,1
National Hispanic Heritage Month,1
Ride of the Valkyries from Die Walküre,1
Ride of the Valkyries,1
Rickrolling,1
Rick Astley,1
Richard Wagner,1
Richard Strauss,1
Richard Phillips,1
National Memorial Day Concert,1
National Night Out,1
Republic of Korea Navy,1
Reza Aslan,1
Revolution 1,1
National Rifle Association,1
Revolution,1
Revelation March,1
Reveille,1
Response Boat – Medium,1
National Security Cutter,1
Rescue swimmer,1
Requiem,1
Republic of Vietnam Navy,1
Republic of Vietnam Military Forces,1
Rachel Platten,1
RAF Waddington,1
RAF Lakenheath,1
PlayStation,1
Police state,1
Navy Expeditionary Combat Command,1
Police officer,1
Police action,1
Navy Midshipmen,1
Police academy,1
Pole vault,1
Playmobil,1
PlayStation Vita,1
PlayStation Move,1
PlayStation 4,1
PlayStation 2,1
Navy Midshipmen men's lacrosse,1
Naval Station Norfolk,1
Play That Funky Music,1
Planets beyond Neptune,1
Nazism,1
Pilot,1
Piece Concertante,1
Pictures at an Exhibition,1
Physician,1
Physical fitness,1
Photoelectric effect,1
Nelly Furtado,1
Phonetics,1
Phoenix Lights,1
Polish Armed Forces,1
Political correctness,1
Polonaise,1
Polonaises Op. 40,1
Quick reaction force,1
Quantico,1
QlikTech,1
Push-up,1
Purple Pageant,1
Pull-up,1
Naval ship,1
Puddle of Mudd,1
Promises,1
Promiscuous,1
Project Iceworm,1
Professor X,1
Procrastination,1
Private first class,1
Private Snafu,1
Press up,1
President-elect of the United States,1
President of the United States,1
Premiere,1
Navy Cross,1
Power Rangers,1
Posttraumatic stress disorder,1
Post-9/11 Veterans Educational Assistance Act of 2008,1
Port Hueneme,1
Pornography,1
People's Liberation Army Air Force,1
"""Heroes""",1
Senior airman,1
Uniforms of the United States Navy,1
United States Air Force Academy Preparatory School,1
United States Air Force Honor Guard,1
United States Ambassador to Turkey,1
United States Army Africa,1
United States Army Air Assault School,1
United States Army Alaska,1
United States Army Aviation Branch,1
United States Army Corps of Engineers,1
United States Army Cyber Command,1
United States Army Europe,1
United States Army Field Band,1
United States Army Human Resources Command,1
United States Army Physical Fitness Test,1
United States Army Reconnaissance and Surveillance Leaders Course,1
United States Army Special Forces selection and training,1
Uninvited,1
Uniforms of the United States Marine Corps,1
USS Pinckney (DDG-91),1
Unexploded ordnance,1
USS Porter (DDG-78),1
USS Pueblo (AGER-2),1
USS Sampson (DDG-102),1
USS San Antonio (LPD-17),1
USS Santa Fe (SSN-763),1
USS Sioux City (LCS-11),1
USS Thach (FFG-43),1
USS Theodore Roosevelt (CVN-71),1
USS Utah (BB-31),1
Uganda,1
Uganda People's Defence Force,1
Ultimate Fighting Championship,1
Ultimate Soldier Challenge,1
Undercover Boss,1
Underway replenishment,1
United States Army Special Operations Command,1
United States Army Training and Doctrine Command,1
United States Army Vietnam,1
United States Declaration of Independence,1
United States military deployments,1
United States military pay,1
United States naval aviator,1
United States service academies,1
University,1
University and college admission,1
University of Kansas,1
University of North Carolina at Chapel Hill,1
University of Oklahoma Army ROTC,1
University of Virginia,1
Upward Bound,1
Urban Decay,1
Urban warfare,1
Urination,1
Utility helicopter,1
United States Special Operations Command,1
United States Ship,1
United States Senate Committee on Veterans' Affairs,1
United States Marine Corps Reserve,1
United States Department of Defense,1
United States Department of Veterans Affairs Police,1
United States Fifth Fleet,1
United States Marine Corps Combatant Diver Course,1
"United States Marine Corps Forces, Europe",1
United States Marine Corps Reconnaissance Battalions,1
United States Marine Corps Training and Education Command,1
United States Secretary of Veterans Affairs,1
United States Military Academy Preparatory School,1
United States Naval Academy,1
United States Navy Amphibious Reconnaissance Corpsman,1
United States Navy Chaplain Corps,1
United States Navy Physical Readiness Test,1
United States Revenue Cutter Service,1
USS Pioneer (MCM-9),1
USS Philippine Sea,1
Transformer,1
Trump Tower Manila,1
Tucson Police Department,1
Tugboat,1
Tupolev Tu-154,1
Twenty One Pilots,1
Twentynine Palms,1
Twilight,1
Twinkie Clark,1
Tybee Island,1
Tye Tribbett,1
"Tyler, The Creator",1
U.S. 101st Airborne Division,1
U.S. 3rd Infantry Division,1
U.S. Army Birthdays,1
U.S. Army Heritage and Education Center,1
U.S. Army War College,1
Trust Issues,1
Trump International Hotel and Tower,1
USS Normandy (CG-60),1
Trump Hotel Las Vegas,1
Transgender,1
Transnet Freight Rail,1
Treading water,1
Treal T.V.,1
Treasure,1
Trey Songz,1
Trident,1
Trigger,1
Tripod,1
Troll doll,1
Trolls,1
Trombone,1
Trophy Point,1
Truck,1
Truman Crawford,1
U.S. Naval Base Pearl Harbor,1
U.S. uniformed services pay grades,1
USA Memory Championship,1
USB,1
USS Gabrielle Giffords,1
USS Gerald R. Ford,1
USS Germantown (LSD-42),1
USS Harry S. Truman,1
USS Hartford (SSN-768),1
USS Independence (CVL-22),1
USS Independence (LCS-2),1
USS Iowa (BB-61),1
USS John C. Stennis,1
USS John P. Murtha,1
USS John S. McCain,1
USS Mason (DDG-87),1
USS New Jersey,1
USS Nimitz (CVN-68),1
USS Nitze (DDG-94),1
USS Enterprise (CVN-65),1
USS Enterprise,1
USS Donald Cook (DDG-75),1
USS America,1
USCGC Bertholf (WMSL-750),1
USCGC Diligence (WMEC-616),1
USCGC Mellon (WHEC-717),1
USCGC Spar (WLB-206),1
USCGC Spar (WLB-403),1
USS Abraham Lincoln (CVN-72),1
USS America (LHA-6),1
USS Coronado (LCS-4),1
USS Antietam,1
USS Antietam (CG-54),1
USS Arizona,1
USS Benfold (DDG-65),1
USS Carl Vinson (CVN-70),1
USS Constitution,1
VA loan,1
VC-137C SAM 26000,1
VMM-263,1
Winter Guard International,1
Wire wrapped jewelry,1
Wisconsin Army National Guard,1
Wisdom tooth,1
With Pleasure,1
With the Marines at Tarawa,1
Wiz Khalifa,1
Women in combat,1
Wonderful Tonight,1
Woodrow Wilson,1
Woodturning,1
Woodworking,1
Work,1
Work Song,1
Workbench,1
Working dog,1
Wire,1
Wingover,1
VTOL,1
Wing Bowl,1
When We Stand Together,1
Where I Come From,1
While My Guitar Gently Weeps,1
White privilege,1
White-tailed deer,1
Whiteman Air Force Base,1
Wild Cherry,1
Wild Geese,1
Wild boar,1
William Bolcom,1
William F. Weld,1
William H. McRaven,1
William Walton,1
Windham,1
Window,1
World of Warcraft,1
Wrestling,1
Wright Brothers Day,1
Writing,1
ZZ Top,1
Zach Galifianakis,1
Zastava M-70,1
Zhang Zhaozhong,1
Zodiac,1
Zoo,1
Zootopia,1
Zumba,1
[haven],1
al-Qaeda,1
iPad,1
iPhone,1
iRobot,1
late for meeting,1
symphony,1
Yousef Erakat,1
Young Jeezy,1
Young De,1
Yamaha MT-07,1
Wrong Side of Heaven,1
Wynardtage,1
X-Men,1
XLink Kai,1
Yacht,1
Yamaha FZ16,1
Yamaha YZF-R3,1
You're the Best,1
Yellow Claw,1
Yemen,1
Yo Gotti,1
Yorktown Centennial,1
You (Or Somebody Like You),1
You Got Served,1
When I'm Gone,1
Wheelchair,1
Wexford Festival Opera,1
WWE Tribute to the Troops,1
Vienna,1
Vientos Y Tangos,1
Vietnam veteran,1
Vincent,1
Virginia Beach Middle School,1
Virginia Railway Express,1
Vitaly Zdorovetskiy,1
Vladimir Putin,1
Vogue,1
Volkswagen,1
Volkswagen Beetle,1
Volkswagen Passenger Cars,1
Vomitspit,1
WASR series rifles,1
WWE,1
Video of U.S. Marines urinating on Taliban fighters,1
Video game,1
Victoria Police,1
Veganism,1
Valdres March,1
Van Jones,1
Vance Joy,1
Vandenberg Air Force Base,1
VanossGaming,1
Vasily Kalinnikov,1
Veterans Affairs Canada,1
Victor's Piano Solo,1
Veterans Benefits Administration,1
Veterans Health Administration,1
Veterans Health Administration scandal of 2014,1
Veterinary physician,1
Vice,1
Vicious Delicious,1
WWE Raw,1
Wagner-Werk-Verzeichnis,1
West Wing,1
Waiting,1
Water polo,1
Water purification,1
Watercraft,1
Watson,1
Wave,1
We Still Here,1
Weaponology,1
Weapons company,1
Weaver stance,1
Web design,1
Weight loss,1
Weight training,1
Welcome to the Jungle,1
Welding,1
West Virginia,1
Water,1
WatchMojo.com,1
Watch the Sun Come Up,1
"Warhammer 40,000",1
Wale,1
Walt Disney World,1
Walter Piston,1
Waltzing Matilda,1
War Thunder,1
Wargaming,1
Warning shot,1
Washington Wizards,1
Warren Benson,1
Warrensburg High School,1
Warship,1
Warzone,1
Washington Army National Guard,1
Washington Redskins,1
Transformers,1
Trampoline,1
Senior chief petty officer,1
StG 44,1
Stan Kenton,1
Stanley,1
Star Wars,1
Star Wars: Episode VIII,1
Star Wars: The Clone Wars,1
Stars In A Velvety Sky,1
Static stretching,1
Stealth aircraft,1
Stealth ship,1
Steel Challenge,1
Stephen Cochran,1
Stephen Colbert,1
Stephen Curry,1
Stephen Phillips,1
Stereo Sound Agency,1
Stall,1
Squad leader,1
Soundtrack,1
"Springfield Armory, Inc.",1
Southridge High School,1
Sovremenniy-class destroyer,1
Space Shuttle,1
Space Shuttle Challenger disaster,1
Space Shuttle program,1
Space warfare,1
Space-Based Infrared System,1
Special Mission Unit,1
Special Operations Forces Exhibition,1
Special Patrol Insertion/Extraction,1
Special reaction team,1
Specialist,1
Speed reload,1
Spin,1
Spin Cycle,1
Stinger,1
Stolen Dance,1
Strait of Hormuz,1
Strategic Air Command,1
Sukhoi Su-24,1
Super Bowl,1
Supercarrier,1
Superhero,1
Surfmen,1
Survival knife,1
Swab Summer,1
Sway Calloway,1
Sweatpants,1
Swedish Air Force,1
Swimming,1
Swimming pool,1
Sword,1
Symphonic Metamorphosis of Themes by Carl Maria von Weber,1
Symphony,1
Sukhoi PAK FA,1
Suite of Old American Dances,1
Suite no. 1 in E-flat: Intermezzo,1
Student financial aid in the United States,1
Strategic bomber,1
Street racing,1
Strength training,1
Stretching,1
Stronger,1
Stryker,1
Studio C,1
"Suite algérienne, op. 60: IV. Marche militaire française",1
"Sturm, Ruger & Co., Inc.",1
Subliminal stimuli,1
Submarine Escape Immersion Equipment,1
Submarine escape training facility,1
Suicide attack,1
Suicide prevention,1
South China Sea,1
Sound Off,1
Trains,1
Shawn Mendes,1
She Wore a Yellow Ribbon,1
Sheet metal,1
Shelby 427,1
Ship commissioning,1
Shooting range,1
Short Film,1
Shoulder-fired missile,1
Shoulder-launched Multipurpose Assault Weapon,1
Show of force,1
Shy Glizzy,1
Siberian Husky,1
Sick Call,1
Siege of Bastogne,1
"Siegfried"" Fantasie",1
Sign language,1
Shayetet 13,1
Shaving,1
Sound,1
Sharp Dressed Man,1
Sentinel-class cutter,1
Serenade for Winds,1
"Serenade for Winds, op. 7",1
Sergeant Major of the Army,1
Sergeant Major of the Marine Corps,1
Sergeant Reckless,1
Sergeant major,1
Sergei Rachmaninoff,1
Sergey Gorshkov,1
Sergiu Celibidache,1
Sessions@AOL,1
Sex Hygiene,1
Sexual fetishism,1
Sexual intercourse,1
Shake It,1
Sikorsky CH-53 Sea Stallion,1
Sikorsky CH-53K King Stallion,1
Sikorsky HH-60 Jayhawk,1
Sikorsky SH-3 Sea King,1
Snow,1
Social justice,1
Soltam K6,1
Somalia,1
Somatropin,1
Somebody to Love,1
Somebody's Watching Me,1
Someone Like You,1
Somerset Patriots,1
Something in Your Mouth,1
Somewhere Over the Rainbow / What a Wonderful World,1
Song,1
Song of the Marines,1
Sony Computer Entertainment,1
Souda Bay,1
Sniper Wolf,1
Snickers,1
Snare drum technique,1
Slava! A Political Overture for Orchestra,1
Simone Mantia,1
Singapore Armed Forces Parachute Team,1
Singing,1
Skate It,1
Skateboard,1
Skateboarding,1
Sleigh Ride,1
Snake,1
Sling,1
Slogans of the United States Army,1
Slow March,1
Slow roll,1
Sluice,1
Small Arms,1
Symphony No. 3,1
Symphony No. 4,1
Symphony No.3,1
The Pussycat Dolls,1
The Regimental Band of the Coldstream Guards,1
The Rifle Regiment,1
The Rolling Stones,1
The Rose Parade,1
The Royal Welsh Fusiliers,1
The Salvation Army,1
The Script,1
The Thunderer,1
The Thundermans,1
The Tonight Show,1
The Tonight Show Starring Jimmy Fallon,1
The Twilight Saga,1
The U.S. Army All-American Bowl,1
The Undertaker,1
The United States Military Academy Band,1
The Real Talk Show,1
The Prayer,1
"Symphony for Band, West Point: Epitaphs",1
The Pierces,1
The Guardian,1
The Hornet's Nest,1
The Invincible Eagle,1
The Last of Us,1
The Liberty Bell,1
The Loyal Legion,1
The Magnificent Seven,1
The Many Moods of Christmas,1
The Monkees,1
The National Game,1
The Notorious B.I.G.,1
The Nutcracker Suite,1
The Occidental,1
The Oprah Winfrey Show,1
The Pentagon,1
The View,1
The Voice,1
The Warrior,1
The Washington Post,1
Toccata marziale,1
Tom Clancy's Rainbow Six,1
Tom Clancy's Rainbow Six: Siege,1
Tomb of the Unknowns,1
"Tone Poem, Mannin Veen",1
Too Cool for School,1
Top Ten,1
Torpedo,1
Torture,1
Tory Lanez,1
Toyota 86,1
Trace Adkins,1
Track and field athletics,1
Tracy Lawrence,1
Traffic stop,1
"Toccata and Fugue in D minor, BWV 565",1
Toccata Marziale,1
Titus O'Neil,1
"Thomas J. Hudner, Jr.",1
The Weeknd,1
The White Cockade,1
The Woman With You,1
The Woman with You,1
This Afternoon,1
This Is Not Happening,1
Thoughts of Love,1
Timothy W. Foley,1
Thug Life,1
Thug Motivation 103: Hustlerz Ambition,1
Tiara Thomas,1
Tik Tok,1
Tim Kennedy,1
Tim McGraw,1
The Gridiron Club March,1
The Gridiron Club,1
The Great Dictator,1
Thach Weave,1
Technical school,1
Technology,1
Ted Cruz,1
Telemark Battalion,1
Television advertisement,1
Ten Gentlemen from West Point,1
Tennessee Whiskey,1
Tequila Makes Her Clothes Fall Off,1
Terminal High Altitude Area Defense,1
Tesla,1
Tesla Model S,1
Tesla Motors,1
Texas A&M University Corps of Cadets,1
Texas Army National Guard,1
Texas Longhorns football,1
Team America: World Police,1
Tattoo,1
Taser,1
Taiwan,1
"Symphony for Band, West Point: Marches",1
Symphony in B-flat for Band,1
"Symphony no. 4 in F minor, op. 36: IV. Finale. Allegro con fuoco",1
Syria,1
TL;DR,1
Taegukgi,1
Take Me To Church,1
Target ship,1
Take Me to Church,1
Talking bird,1
Talwar-class frigate,1
Tamera Mowry,1
Tampa Fire Department,1
Tang Soo Do,1
Texas Rangers,1
Thai food,1
The Gallant Seventh,1
Thailand,1
The Bride Elect March,1
The Charlatan,1
The Charlatan Waltzes,1
The Chimes of Liberty,1
The Chipettes,1
The Chipmunks,1
The Circus Band,1
The Conjuring,1
The Daily Show,1
The Dark Phoenix Saga,1
The Elder Scrolls V: Skyrim,1
The Ellen DeGeneres Show,1
The Fairest of the Fair,1
The Fourth War,1
The Frogmen,1
The Boys of the Old Brigade,1
The Bowery Boys,1
The Bottle Rockets,1
The Armed Forces Medley,1
Thank You for Your Service,1
Thanksgiving,1
That's My Job,1
The 2016 Rio Olympic Games,1
The All-American Rejects,1
The Amity Affliction,1
The Barber of Seville,1
The Black Horse Troop,1
The Battle Hymn of the Republic,1
The Battle of Midway,1
The Beatles,1
The Best of Rachmaninoff,1
The Bible,1
The Big Picture,1
Student loan,1
Machine Gun Kelly,1
Music Key,1
Combat vehicle,1
Combined Federal Campaign,1
Commandant of the Coast Guard,1
Commandant of the Marine Corps,1
Commander,1
"Commander, Naval Air Force U.S. Atlantic Fleet",1
Commando,1
Commando March,1
Commando Training Centre Royal Marines,1
Common Core State Standards Initiative,1
Company: Being Alive,1
Computer security,1
Concert for George,1
Concerto for Clarinet,1
Connecticut,1
Connor Franta,1
Combatives,1
Combat sidestroke,1
Conservative Political Action Conference,1
Combat shotgun,1
Coast Guard Air Station Savannah,1
Coast Guard Alaska,1
Coast Guard Station Cape Disappointment,1
Coffee in a Cardboard Cup,1
Cold Response,1
Collateral,1
College,1
College admissions in the United States,1
CollegeHumor,1
Colt Delta Elite,1
Combat Vehicle 90,1
Combat engineer,1
Combat medic,1
Combat readiness,1
Combat search and rescue,1
Conor Maynard,1
Convair B-36 Peacemaker,1
Coast Guard Air Station San Diego,1
Cross country running,1
Cruise missile submarine,1
Cruiserweight,1
Cyanide & Happiness,1
Cyber Monday,1
Cyberdemon,1
Cyndi Lauper,1
Czardas,1
D.O.D.,1
DF-21,1
DJ Turn It Up,1
DJI Innovations,1
Daft Punk,1
Dallas Wind Symphony,1
Dan Bilzerian,1
Dana Carvey,1
Crown Imperial,1
Crisis hotline,1
Convair F-102 Delta Dagger,1
Cringe comedy,1
Conway Twitty,1
Cooking,1
Cop Block,1
Cordylobia anthropophaga,1
Corey Feldman,1
"Coronation March, ""Crown Imperial""",1
Corporal,1
Corps of drums,1
Corpse Bride,1
Counter-insurgency,1
Country Band March,1
Countryside High School,1
Cracked.com,1
Craig Ferguson,1
Craig Sawyer,1
Coast Guard Air Station San Francisco,1
Coast Guard Air Station Los Angeles,1
Dance of the Jesters from The Snow Maiden,1
Cenk Uygur,1
Central Park Zoo,1
Ceremonial Guard,1
Cesar Romero,1
Challenger 2,1
Chamber music,1
Chance the Rapper,1
Chancey Williams and the Younger Brothers Band,1
Change of command,1
Chaplain Corps,1
Charles Ives,1
"Charles Keating, Jr.",1
Charlie Chaplin,1
Charlie Puth,1
Chatham,1
Chattanooga,1
Center for the Intrepid,1
Cello,1
Chemical warfare,1
Cavalier Marching Band,1
Captain Noah and His Magical Ark,1
Car Throttle,1
Car chase,1
Careless Whisper,1
Carl Gustav recoilless rifle,1
Carl Teike,1
Carlisle Barracks,1
Carly Rae Jepsen,1
Carnival Sensation,1
Carrie Underwood,1
Carrier strike group,1
Cartography,1
Casey Neistat,1
Castle of Glass,1
Cathy O'Brien,1
Chemical formula,1
Chet Atkins,1
Coast Guard Air Station Elizabeth City,1
Christian Brothers Academy,1
Christmas truce,1
Christopher Heben,1
Chrysler PT Cruiser,1
Ciara,1
Cincinnati Fire Department,1
City Winery,1
Civil disorder,1
Civilian,1
Civil–military relations,1
Clarinet Concerto No.1 in F minor,1
Classical music,1
Claude Debussy,1
Close quarters combat,1
Close-in weapon system,1
Coast Guard Air Station Borinquen,1
Christians in the military,1
Chris Tomlin,1
Cheyenne Mountain massif,1
Chris Stapleton,1
Cheyenne Mountain nuclear bunker,1
Chief Petty Officer,1
Chief master sergeant of the Air Force,1
Chief of Staff of the United States Air Force,1
Chief petty officer,1
Children's March,1
"Children's March: ""Over the Hills and Far Away""",1
Chimes of Liberty,1
Chinchilla,1
Chipmunk,1
Chlorpromazine,1
Chocolate,1
Chris Janson,1
Chris Kyle,1
Chris Pratt,1
Dana Loesch,1
Daniel Dumile,1
Canadian Coast Guard,1
EgyptAir,1
Election recount,1
Electricity,1
Electronic circuit,1
Electronic filter,1
Ellen DeGeneres,1
Elmer Bernstein,1
Elmer Fowler Stone,1
Elsa,1
Elsa's Procession To The Cathedral From Lohengrin,1
Embraer EMB 312 Tucano,1
Eminem,1
Encyclopedia Dramatica,1
Engadget,1
English Folk Song Suite,1
Enlisted rank,1
El Capitan,1
Eggbeater kick,1
Enrique Granados,1
Edwin Eugene Bagley,1
Dwayne Johnson,1
Dwight D. Eisenhower,1
"E Company, 506th Infantry Regiment",1
E:60,1
EV Nautilus,1
Early action,1
Early decision,1
Easter Monday on the White House Lawn,1
Eastern Trombone Workshop,1
Eastman Wind Ensemble,1
Easton Corbin,1
Eating,1
Eazy-E,1
Edith Bolling Galt Wilson,1
Edward Snowden,1
Enola Gay,1
Entry March of the Boyares,1
Dubuque Fighting Saints,1
Explosion,1
Eye shadow,1
F-111 Aardvark,1
F-22 Raptor Demo Team,1
FAMAS,1
FGM-148 Javelin,1
FIM-92 Stinger,1
FN SCAR,1
FPSRussia,1
Fan mail,1
Fanfare for the Common Man,1
Far Alone,1
Far Behind,1
Fast-roping,1
Fat,1
Father,1
Explosive material,1
Experimental musical instrument,1
Entry March of the Boyars,1
Experimental Aircraft Association,1
Epic Rap Battles of History,1
Epinal American Cemetery and Memorial,1
Equestrianism,1
Eric Clapton,1
Eric Gales,1
Eric Greitens,1
Eric Trump,1
Esprit de corps,1
Ethnic conflict,1
Euphonium,1
Eurofighter Typhoon,1
Eve Online,1
Eventing,1
Example,1
Expeditionary warfare,1
Dustin Lynch,1
Dry dock,1
Daniel Kaluuya,1
Deborah Lee James,1
Deep Purple,1
Delaware Army National Guard,1
Dell,1
Democracy Now!,1
Denel Rooivalk,1
Denise Richards,1
Desert Tactical Arms Stealth Recon Scout,1
Desertion,1
Dessert,1
Destiny,1
Detonation,1
Deus Ex,1
Deus Ex: Mankind Divided,1
Dick Cheney,1
Die Walküre,1
December 7th,1
Death's Head,1
Diego Garcia,1
Dear John letter,1
Daniel Southworth,1
Darth Vader,1
Darwine,1
Dassault Mirage 2000,1
Dassault Rafale,1
Daughters of Texas,1
David G. Perkins,1
David Petraeus,1
Davis Gaines,1
DayZ,1
Daymon Patterson,1
Dead Island,1
Dead Island 2,1
Dead Rising,1
Deadlift,1
Die Young,1
Differences,1
Drummer,1
DotNetNuke,1
Douglas A-4 Skyhawk,1
Douglas DC-3,1
Draft:DC's Legends of Tomorrow,1
Dragon Ball,1
Dragon Ball Z,1
Dragon Ball Z: Fukkatsu no F,1
Drake,1
Drake White,1
Dredging,1
Drexel University,1
Drifting,1
Drinking,1
Drum Corps International,1
Drum beat,1
Drumline,1
Doug Coombs,1
Doom,1
Digital Combat Simulator,1
Donna Summer,1
Dignified Transfer,1
Diplomatic Security Service,1
Disneyland,1
Disturbed,1
Dixie,1
Dixon Ticonderoga Company,1
Dizzy Wright,1
Do it yourself,1
Dock landing ship,1
Documentary,1
Dogfight,1
Doing It Wrong,1
Dome,1
Don McLean,1
Donald Glover,1
Candlebox,1
Campbell University,1
Multiple rocket launcher,1
Alcorn State Braves,1
Alibis,1
Alicia Keys,1
All That Remains,1
Alyssa Milano,1
America,1
America Live with Megyn Kelly,1
America the Beautiful,1
America's Got Talent,1
American Civil War,1
American Sign Language,1
American Sniper: The Autobiography of the Most Lethal Sniper in U.S. Military History,1
Amphibious ready group,1
Amphibious transport dock,1
Amphibious vehicle,1
Amphibious warfare ship,1
Alenia Aeronautica,1
Alberto Ginastera,1
Ancestor,1
Alaskan Command,1
Air Force Association,1
Air Force Cyber Command (Provisional),1
Air Force Reserve Officer Training Corps,1
Air Force Space Command,1
Air Force Two,1
Air Jordan,1
Air National Guard,1
Air combat manoeuvring,1
Air navigation,1
Air-sea rescue,1
Airborne,1
Airborne & Special Operations Museum,1
Aircraft emergency frequency,1
Al Franken,1
Alaska Army National Guard,1
Amtrak,1
Ancient Fife and Drum Corps,1
Ahsoka Tano,1
Arctic,1
Are You with Me,1
Area 51,1
Arkansas Razorbacks football,1
Arleigh Burke-class destroyer,1
Arlington County,1
Arlington National Cemetery,1
Armed Forces Classic,1
Army Black Knights men's lacrosse,1
Army Combat Uniform,1
Army National Guard,1
Army Reserve Officers' Training Corps,1
Army of the Guardians of the Islamic Revolution,1
Arnold Schwarzenegger,1
Arresting gear,1
Arsenal,1
Are You With Me,1
Aquarium,1
Ancient and Honorable Artillery Company of Massachusetts,1
Apple Watch,1
Andersen Air Force Base,1
Anderson Cooper,1
Andrea Bocelli,1
Andrea Chénier,1
Andreas Makris,1
Angel,1
Angkatan Bersenjata Republik Korea,1
Anita Sarkeesian,1
Anna,1
"Annie Laurie (1965, feat. James Erdman, trombone)",1
Annika Sörenstam,1
Anthony T. Kahoʻohanohano,1
Anti-Personnel Obstacle Breaching System,1
Anti-aircraft warfare,1
Anti-fascism,1
"Air Force Academy, Dundigul",1
After Party,1
Artillery observer,1
2011 Helmand Province incident,1
2014 Winter Olympics,1
2015 AFL Grand Final,1
24-hour clock,1
26th Marine Expeditionary Unit,1
2nd Battalion 5th Marines,1
3 Doors Down,1
300,1
31st Marine Expeditionary Unit,1
3D computer graphics,1
3rd Battalion 6th Marines,1
3rd Marine Aircraft Wing,1
3rd U.S. Infantry Regiment,1
3rd US Infantry Regiment,1
47-foot Motor Lifeboat,1
502nd Infantry Regiment,1
2012 Benghazi attack,1
2007 Blue Angels South Carolina crash,1
A Horse With No Name,1
2004 Democratic National Convention,1
"1, 2 Step",1
"10,000 Reasons (Bless the Lord)",1
101st Combat Aviation Brigade,1
155mm,1
1812 Overture,1
1901,1
1996 Croatia USAF CT-43 crash,1
1st Battalion 2nd Marines,1
1st Force Reconnaissance Company,1
1st Light Armored Reconnaissance Battalion,1
1st Marine Logistics Group,1
1st Marine Special Operations Battalion,1
1st Special Operations Wing,1
1st Tank Battalion,1
2 Live Crew,1
99th Infantry Division,1
A Horse with No Name,1
African grey parrot,1
Adafruit Industries,1
Adjutant's Call,1
Adobe After Effects,1
Adobe Photoshop,1
Aegean Festival Overture,1
Aeolians,1
Aerial firefighting,1
Aerial warfare,1
Aero Spacelines,1
Aero Spacelines Super Guppy,1
Aerobic exercise,1
Aerodynamic force,1
Aerodynamics,1
Aeromedical Evacuation,1
Aerosmith,1
Afghanistan,1
Adele,1
Active duty,1
A Night on the Bare Mountain,1
Active Denial System,1
A Shau Valley,1
A Visit from St. Nicholas,1
AFL Grand Final,1
AGM-86 ALCM,1
ALVINNN!!! and the Chipmunks,1
ASAP Rocky,1
AT4,1
Aaron Copland,1
Abdication,1
Abseiling,1
Accident,1
Achievement Hunter,1
Achmed the Dead Terrorist,1
Act of Valor,1
Action figure,1
Artie Shaw,1
Ashton Carter,1
Campanology,1
Bomb bay,1
Bombsight,1
Bones,1
Botfly,1
Bottoms Up,1
Bowdoin College,1
Box truck,1
Bradley Fighting Vehicle,1
Brass quintet,1
Bravura,1
Brazilian jiu-jitsu,1
Breaking Benjamin,1
Bremerhaven,1
Brett Wood,1
Brigade Modernization Command,1
Brigadier general,1
Bomb disposal,1
Bomb,1
British English,1
Boeing Vertol CH-46 Sea Knight,1
Blair White,1
Blood on the Risers,1
Blurry,1
Boatswain's mate,1
Bob Hoover,1
Boba Fett,1
Body worn video,1
Boeing 747,1
Boeing B-17 Flying Fortress,1
Boeing B-29 Superfortress,1
Boeing B-47 Stratojet,1
Boeing E-3 Sentry,1
Boeing E-4,1
Boeing KC-46 Pegasus,1
Boeing P-8 Poseidon,1
Britain's Got Talent,1
Britney Spears,1
Black Sea Rotational Force,1
Calais,1
Caliber,1
California Department of Forestry and Fire Protection,1
Call Me Maybe,1
Call of Duty,1
Call of Duty: Black Ops II,1
Call of Duty: Black Ops III,1
Call of Duty: Modern Warfare 3,1
Calorie,1
Camille Saint-Saëns,1
Camouflage,1
Camp Atterbury,1
Camp Blanding,1
Camp Courtney,1
Camp Fuji,1
Camp Pendleton North,1
Cali Cleve,1
Cadet,1
Brock Lesnar,1
Cadence,1
Broken Vow,1
Bruce Springsteen,1
Bug,1
Bulldozer,1
Bullying in teaching,1
Burger King,1
Burn,1
Burn It to the Ground,1
Burn center,1
Business jet,1
But It's Better If You Do,1
Buttons,1
CIRAS,1
CM Punk,1
CNN Student News,1
Black bloc,1
Black Hawk Down,1
Astrological sign,1
BB gun,1
Baba Yetu,1
Baba yetu,1
Backstreet Boys,1
Bad,1
Bad (Remix) featuring Rihanna,1
Bad Lip Reading,1
Badenweiler Marsch,1
Badinerie,1
Balikatan,1
Ballistic missile submarine,1
Ballistic trauma,1
Baltic Sea,1
Band Day,1
Bangkok,1
Bar,1
BMW M3,1
B61 nuclear bomb,1
Barghest,1
Aviation accident or incident,1
Astrud Gilberto,1
Atchisson Assault Shotgun,1
Athletic trainer,1
Atomic bombings of Hiroshima and Nagasaki,1
Attack submarine,1
Attention deficit hyperactivity disorder,1
Australian Department of Defence,1
Australian Department of Veterans' Affairs,1
Australian Football League,1
Australian rules football,1
Automatic firearm,1
Autonomous car,1
Autonomous sensory meridian response,1
Avenged Sevenfold,1
Aviation Nation,1
Barbie,1
Barrel roll,1
Black Friday,1
Bell P-39 Airacobra,1
Belt drive,1
Ben Anderson,1
Ben Shapiro,1
Bench dog,1
Benelli M4,1
Benjamin Britten,1
Berkeley,1
Bermuda,1
Best Warrior,1
Between Two Ferns with Zach Galifianakis,1
Big K.R.I.T.,1
BigDog,1
Billy Joel,1
Biological warfare,1
Black,1
Bell-ringer,1
Bell AH-1 SuperCobra,1
Basic fighter maneuvers,1
"Believe Me, if All Those Endearing Young Charms",1
Bass drum,1
Battalion,1
Battle buddy,1
Battle of Carlisle,1
Battle of Mogadishu,1
Battle of Takur Ghar,1
Battle of Tarawa,1
Battlefield 4,1
Battleship,1
Battlespace,1
Bazooka,1
Beast of Burden,1
Beat,1
Bebe Rexha,1
Beechcraft T-6 Texan II,1
Federal Student Aid,1
Female,1
Female submission,1
La forza del destino: Overture,1
Laci Green,1
Lafayette Escadrille,1
Lakmé,1
Lamborghini,1
Landing Craft Air Cushion,1
Langley Field,1
Largo al factotum,1
Las Vegas Motor Speedway,1
Laser Weapon System,1
Laser tag,1
Last Judgment,1
Last Train to Clarksville,1
Late Night with Seth Meyers,1
Laughter,1
Le Régiment de Sambre et Meuse,1
La mer,1
La forza del destino,1
Lee Brice,1
La Push,1
Korovai,1
Kristen Bell,1
Kunsan Air Base,1
Kyle Carpenter,1
L'Apothéose (Symphonie funèbre et triomphale),1
L. Fletcher Prouty,1
L118 light gun,1
LGM-30 Minuteman,1
LNG carrier,1
LRP ration,1
LWRC International,1
La Di Da Di,1
"La Fiesta Mexicana: Carnival (1987, conducted by John R. Bourgeois)",1
La Fiesta Mexicana: I. Prelude and Aztec Dance,1
La Fiesta Mexicana: II. Mass,1
League of Legends,1
Lee Camp,1
Korea Air Force Academy,1
Lock,1
Lockheed Corporation,1
Lockheed P-3 Orion,1
Lockheed SR-71 Blackbird,1
Lockheed U-2,1
Lockheed YF-12,1
Lodi Dodi,1
Logic,1
London Has Fallen,1
Long Black Train,1
Long Range Anti-Ship Missile,1
Long Range Strike Bomber,1
Long Range Surveillance,1
Longeing,1
Longest recorded sniper kills,1
Looie Crew,1
Lock picking,1
LoCash Cowboys,1
Leg raise,1
Lloyd,1
Leonard Slatkin,1
Leopard 2,1
Let's Play,1
Letters From Home,1
Lettice Rowbotham,1
Liberalism,1
"Like Father, Like Son",1
Lil Herb,1
Lil Wayne,1
Limp Bizkit,1
Linda Eder,1
Liquid nitrogen,1
Little Sable Point Light,1
Littoral-combat ship,1
Live to Tell,1
Korean reunification,1
Kodiak,1
Loretta E. Lynch,1
Joe Rogan,1
Joey Diaz,1
Johann Sebastian Bach,1
John B. Wells,1
John F. Kelly,1
John Hutson,1
John Kirby,1
John McCain,1
Johnny Cash,1
Johnny Mathis,1
Joint Base Elmendorf-Richardson,1
Joint Base Elmendorf–Richardson,1
Joint Special Operations Command,1
Joint Task Force 2,1
Joint Typhoon Warning Center,1
Jon Bailey,1
Joe Vargas,1
Joe Nichols,1
"Jose L. Cuisia, Jr.",1
Joe Esposito,1
Jeff Dunham,1
Jeffrey Shih,1
Jekyll & Hyde,1
Jennifer Lawrence,1
Jesse Ventura,1
Jessica Chobot,1
Jesus Christ,1
Jet aircraft,1
Jim Brickman,1
Jim Thorpe,1
Jimmy Fallon,1
Jimmy Kimmel,1
Jimmy Tatro,1
Joakim Noah,1
Joaquín Rodrigo,1
Jordan Peele,1
Josh Groban,1
Knee,1
Katumba Wamala,1
Keegan-Michael Key,1
Keeping Up with the Kardashians,1
Keiynan Lonsdale,1
Ken Block,1
Ken Masters,1
Kesha,1
Key & Peele,1
Khādī,1
Kinder Surprise,1
King Cotton,1
Kings Point,1
Kira Kosarin,1
Kirkwood Mountain Resort,1
Kiss You in the Morning,1
Kissing You Goodbye,1
Kayaking,1
Karel Husa,1
Josh Norman,1
Kanye West,1
Josh Turner,1
Jubilee Overture,1
Judge Advocate General of the Navy,1
Judge Advocate General's Corps,1
"Judge Advocate General's Corps, U.S. Navy",1
Julius Thomas,1
Jumpmaster,1
Jungle warfare,1
Junior Reserve Officer Training Corps,1
Junior Reserve Officers' Training Corps,1
K-141 Kursk,1
KEXP-FM,1
Kadena,1
Kadena Air Base,1
Kansas Wildcats,1
Loot Crate,1
Los,1
Ferdinand Marcos,1
Metal detector,1
Metro Boomin,1
Metro Station,1
Mexican people,1
Michael Feinstein,1
Michael Gandolfi,1
Michael O'Hearn,1
Michelle Obama,1
Michigan Army National Guard,1
Michigan Wolverines football,1
Micro air vehicle,1
Middle of Nowhere,1
Midget submarine,1
Mighty Morphin' Power Rangers: The Movie,1
Migos,1
MilSim,1
Methylcobalamin,1
Memorial Day,1
Military academy,1
Melania Trump,1
Massachusetts State Police,1
Matoma,1
Matt Bissonnette,1
Matt Nathanson,1
Matt Redman,1
Matt Stonie,1
Matter,1
Mayday,1
McDonald's,1
McDonnell Douglas F-15 Eagle,1
McDonnell Douglas F-15E Strike Eagle,1
McDonnell Douglas F-4 Phantom II,1
Me So Horny,1
Meatless Monday,1
Medium endurance cutter,1
Military Police Corps,1
Military animal,1
Marvin Gaye,1
Modular Tactical Vest,1
Monolithic microwave integrated circuit,1
Montgomery Gentry,1
Monty Oum,1
Moody Air Force Base,1
Morgan Freeman,1
Morton Gould,1
Mossberg 500,1
Motion graphics,1
Mountain Dew,1
Mountain Home Air Force Base,1
Mountain Warfare Training Center,1
Mousetrap,1
Moustache,1
Mud,1
Muhammad Ali,1
Momčilo Bajagić,1
Mock interview,1
Military base,1
Mobile,1
Military budget of the United States,1
Military intelligence,1
Military of Latvia,1
Military of Senegal,1
Military rank,1
Military transport aircraft,1
Milky Chance,1
Milo Yiannopoulos,1
Milwaukee Electric Tool Corporation,1
Minato Namikaze,1
Mind Control,1
Mind Reader,1
Minnesota Vikings,1
Minot Air Force Base,1
Mirage,1
Mary Greeley Medical Center,1
"Martin Truex, Jr.",1
Los Angeles County Lifeguards,1
M110 howitzer,1
M114 155 mm howitzer,1
M2 Browning,1
M203 grenade launcher,1
M27 Infantry Automatic Rifle,1
M40 rifle,1
M60 machine gun,1
M67 grenade,1
M8 Armored Gun System,1
M80 Stiletto,1
MAST Academy,1
MD Helicopters MD 500,1
MGR-1 Honest John,1
MOPP,1
Mac Dre,1
Mack and Mabel,1
M1128 Mobile Gun System,1
M109 howitzer,1
Magpul Industries,1
M&M's,1
Los Angeles class submarine,1
Louie Gohmert,1
Love and Theft,1
Love to Love You Baby,1
Low back pain,1
Ludwig van Beethoven,1
Lukas Graham,1
Luke Air Force Base,1
Lullabye,1
"Lullabye (Goodnight, My Angel)",1
Lun-class ekranoplan,1
Luxury yacht,1
Lyndon B. Johnson School of Public Affairs,1
Lyrics,1
Léo Delibes,1
Magnesium sulfate,1
Maika Monroe,1
Martin Riggs,1
Marine Air-Ground Task Force,1
Marine Corps Air Station Beaufort,1
Marine Corps Air Station Yuma,1
Marine Corps Combat Utility Uniform,1
Marine Corps Security Force Regiment,1
Marine One,1
Marinejegerkommandoen,1
Maritime Special Purpose Force,1
Mark Camphouse,1
Mark Fuhrman,1
Mark Ronson,1
Marksmanship Badge,1
Marriage proposal,1
Marshawn Lynch,1
Martial law,1
Martin Dempsey,1
Marine Corps Air Ground Combat Center Twentynine Palms,1
Marcus Butler,1
Main battle tank,1
"March, ""Semper Fidelis""",1
Major depression,1
Major general,1
Making out,1
Male privilege,1
Man Of The Hour,1
Mandy Patinkin,1
Manhattan Beach,1
Manohar Parrikar,1
Manspreading,1
Map,1
Marathon,1
Marc Alan Lee,1
March for Military Band,1
March of the Steelmen,1
March of the Women Marines,1
Jeb Bush,1
Jean-Philippe Rameau,1
Jay Leno's Garage,1
General Orders for Sentries,1
Geocaching,1
Geography,1
George Orwell,1
George W. Bush,1
George Washington Bicentennial,1
George Washington Bridge,1
Germantown,1
Gerónimo Giménez,1
Get Lucky,1
Gewehr 43,1
Ghost hunting,1
Ghostbusters,1
Gingerbread,1
Gingerbread house,1
Ginuwine,1
Generation Kill,1
General Atomics MQ-9 Reaper,1
Girlfriend,1
Gatling gun,1
Future Soldier,1
Future War,1
G.I. Bill,1
G.I. Joe,1
GE Aviation,1
Gabriel Fauré,1
Gabrielle Reece,1
Galop: On Wings of Lightning,1
Game for Vultures,1
Game of Thrones,1
Gameplay,1
Games,1
Garry's Mod,1
Gas,1
Gas tungsten arc welding,1
Gioacchino Rossini,1
Girls Just Want to Have Fun,1
Funeral procession,1
Grant-Lee Phillips,1
Great Gate of Kiev,1
Gregg Popovich,1
Ground effect vehicle,1
Guam,1
Guam National Guard,1
Guard Mounting,1
Guerrilla warfare,1
Guided missile destroyer,1
Guinness World Records,1
Guitarist,1
Gulfstream V,1
Gummi candy,1
Gun safety,1
Gunner's mate,1
Gunpowder,1
Great Decisions,1
Granger Smith,1
Gives You Hell,1
Grafenwöhr,1
Gliding,1
Gloomy Sunday,1
Gloriana: Courtly Dances,1
God,1
God of Our Fathers,1
Godparent,1
Godsmack,1
Godspeed (Sweet Dreams),1
Godzilla,1
"Godzilla, King of the Monsters!",1
Gold Star Mothers Club,1
Good Day to Die,1
Gordon Jacob,1
Got Talent,1
Gotta Be Somebody,1
Furious Pete,1
Funeral march,1
Jay Leno,1
First Suite in E-flat for Military Band,1
First to Fight,1
First-person view,1
Five Finger Death Punch,1
Five Nights at Freddy's,1
Five Nights at Freddy's 3,1
Fixed-gear bicycle,1
Flag of the United States,1
Flags of Freedom,1
Flags of the Confederate States of America,1
Flash mob,1
Flat Earth,1
Fleet Week,1
Flight deck,1
Flight operations quality assurance,1
Flight training,1
First date,1
First Lieutenant,1
Flu season,1
Firewatch,1
"Festive Overture, op. 96",1
Festmusik Der Stadt Wien,1
Fidel Castro,1
Field artillery,1
Field training exercise,1
Fifty Shades of Grey,1
Fighter pilot,1
Figured You Out,1
Film,1
Filthy Thirteen,1
Finale from Symphony no. 2,1
Fire,1
Fire Prevention Week,1
Fire safety,1
Firefighter,1
Flirting,1
Flypast,1
Fuhrman tapes,1
Forward Operating Base Robinson,1
Foundation,1
Fountain pen,1
Fountains of Wayne,1
Fox Business Network,1
Fox News Channel,1
France 24,1
Freedom of speech,1
Freedom-class littoral combat ship,1
French Foreign Legion,1
French Resistance,1
Frequency modulation,1
Friday,1
Frigate,1
Frogman,1
From Eden,1
Foshay Tower Washington Memorial,1
Fortress,1
Force-feeding,1
Fortescue,1
Ford Focus,1
Ford Ranger,1
Ford Super Duty,1
Fordham Rams football,1
Foreign,1
Formation flying,1
Forsvarets Spesialkommando,1
Fort Bliss,1
Fort Campbell,1
Fort Drum,1
Fort Huachuca,1
Fort Knox,1
Fort Shafter,1
Fort Sherman,1
Fort Sill,1
Gustav Holst,1
Gymkhana,1
Gymnastics,1
I Will Not Bow,1
I'm So Sorry,1
III Marine Expeditionary Force,1
Ian Dickson,1
Ice climbing,1
If I Ain't Got You,1
If I Die Tomorrow,1
If Today Was Your Last Day,1
Ignaz Pleyel,1
Ill Mind of Hopsin 7,1
Imagine Dragons,1
Improvised bombing,1
Independence Day,1
Indian Air Force,1
Indian Army,1
Industrial Canal,1
I Won't Send Roses,1
I Like the Sound of That,1
Infant,1
I Drive Your Truck,1
How-to,1
Hozier,1
Hulk,1
Huma Abedin,1
Human Weapon,1
Human hair color,1
Humour,1
Huntington Beach,1
Huntz Hall,1
Hurricane Hunters,1
Hurst Hemi Under Glass,1
Hussain Al Jasmi,1
Hygiene,1
Hypnosis,1
I Don't Want to Miss a Thing,1
Industrial dance,1
Infantry Branch,1
H. Owen Reed,1
Israeli Navy,1
It's a SpongeBob Christmas!,1
Itachi Uchiha,1
Iván Rodríguez,1
J. Cole,1
J.E.B. Stuart,1
JCB HMEE,1
JW GROM,1
Jack Griffo,1
Jacket,1
Jake Tapper,1
Jamey Johnson,1
Japan Air Self-Defense Force,1
Japanese Language,1
Jared Leto,1
Jay Ant,1
Israeli–Palestinian conflict,1
Islamic Republic of Iran Navy,1
Infantry Immersion Trainer,1
Islam,1
Infected Mushroom,1
Injury,1
Institute of technology,1
Instrument flight rules,1
Insurgency,1
Intercontinental ballistic missile,1
Intermittent fasting,1
International Championship of Collegiate A Cappella,1
International Ice Patrol,1
International Tuba Euphonium Association,1
Interrogation,1
Iowa-class battleship,1
Iran,1
Iraq,1
Iraqi Army,1
How to be a Man,1
How To Cook That,1
How Great Is Our God,1
Harlem Shake (meme),1
Harpoon,1
Harrier Jump Jet,1
Harrison Smith,1
Hashtag,1
Haul video,1
Hawaii Army National Guard,1
Hazing,1
Headset,1
Health Professions Scholarship Program,1
Health care,1
Heart,1
Heart of Dallas Bowl,1
Heavy hauler,1
Heavy machine gun,1
Heceta Beach,1
Harley-Davidson Sportster,1
Harlan Ellison,1
How Do You Keep the Music Playing?,1
Hans Zimmer,1
HMCS Huron,1
HMHT-302,1
HMX-1,1
HS2000,1
HSM-77 Saberhawks,1
Habitat for Humanity International,1
Hadji Girl,1
Hail to the Chief,1
Hail to the Spirit of Liberty,1
Hall of Fame,1
Hamburger,1
Hammer drill,1
Hand-to-hand combat,1
Handgun,1
Hands Across the Sea,1
Hector Berlioz,1
Heel-toe technique,1
Helicopter support team,1
Helitack,1
Hoke County,1
Holliday Grainger,1
Homeless veterans,1
Honda CBR1000RR,1
Honda Magna,1
Honor Flight,1
Hooah,1
Hopsin,1
Horkstow,1
Horn,1
Horse,1
Horse training,1
Hossein Mousavian,1
Hot Child in the City,1
House Permanent Select Committee on Intelligence,1
"Hohenfels, Bavaria",1
Hodor,1
Hitman 6,1
Hewlett-Packard,1
Helmet,1
Henry Danger,1
Henry Fillmore,1
Herbert L. Clarke,1
Heroes,1
Heroin,1
High-altitude military parachuting,1
History of the United States Navy,1
High-speed craft,1
Hiking,1
Hillsboro Airport,1
Hingham,1
Hispanic and Latino Americans,1
History,1
军人,1
