,group,name
0,000,Pugil stick
1993,000,Second Battle of Fallujah
1935,000,Physical exercise
1929,000,Marine
408,000,Camp Fuji
1879,000,M203 grenade launcher
1859,000,"United States Marine Corps Forces, Europe"
437,000,Marine Corps Air Station Beaufort
1831,000,Bell AH-1 Cobra
1830,000,Train
1829,000,Marine Corps Base Camp Lejeune
1815,000,HMX-1
1807,000,"Washington, D.C."
358,000,Sikorsky CH-53 Sea Stallion
456,000,Rocket
1788,000,Helicopter support team
1783,000,Dickin Medal
1777,000,Fallujah
1758,000,Royal Australian Infantry Corps
1753,000,Sikorsky SH-3 Sea King
1728,000,Israel Defense Forces
1721,000,FAMAS
1701,000,2011 Helmand Province incident
1681,000,General Orders for Sentries
1673,000,California Department of Forestry and Fire Protection
1667,000,Hingham
1662,000,Commando Training Centre Royal Marines
1801,000,Terminal Lance
2008,000,Action figure
355,000,Marine Corps Logistics Base Albany
354,000,M4 carbine
2455,000,Republic of Korea Marine Corps
2448,000,Marine Corps Recruit Depot San Diego
2433,000,Military robot
167,000,Angkatan Bersenjata Republik Korea
2422,000,M777 howitzer
2406,000,United States Marine Corps Aviation
188,000,I Marine Expeditionary Force
206,000,Marja
212,000,Telemark Battalion
2324,000,The Script
225,000,M270 Multiple Launch Rocket System
2291,000,Semper fidelis
2267,000,M27 Infantry Automatic Rifle
2238,000,M16 rifle
262,000,McDonald's
265,000,Robot combat
2200,000,Boeing CH-47 Chinook
289,000,Nerf war
291,000,Bell UH-1Y Venom
2170,000,Cobra Gold
2169,000,Commando
2142,000,With the Marines at Tarawa
2098,000,Rifle
330,000,Sikorsky CH-53E Super Stallion
334,000,Camouflage
2043,000,USS Bonhomme Richard (LHD-6)
351,000,M1 Abrams
538,000,3rd Battalion 5th Marines
2478,000,Twentynine Palms
1629,000,HMH-463
1583,000,Mountain Warfare Training Center
1267,000,Army
1255,000,M2 Browning
1250,000,Letters From Home
1242,000,Marine Raiders
780,000,Mortar
1195,000,Trump Hotel Las Vegas
1183,000,Full Metal Jacket
1180,000,Dignified Transfer
1179,000,Yellow ribbon
814,000,Battle of Tarawa
1143,000,Engadget
836,000,Hall of Fame
763,000,Flags of the Confederate States of America
848,000,Jeffrey Shih
857,000,Camp Gonsalves
1062,000,Imperial Japanese Army
1047,000,Machine gun
869,000,Operation Moshtarak
873,000,World War I
875,000,Black Sea Rotational Force
1027,000,Attack helicopter
1009,000,Delayed Entry Program
983,000,Marine Corps Base Camp Pendleton
976,000,Marine Corps Martial Arts Program
962,000,Cargo aircraft
953,000,Soltam K6
1080,000,United States Marine Corps birthday ball
1276,000,"Marine Barracks, Washington, D.C."
1287,000,Marine Combat Instructor of Water Survival
740,000,Lockheed C-5 Galaxy
1574,000,French Foreign Legion
570,000,Howitzer
1552,000,Nerf
1535,000,Dog
592,000,Tattoo
1522,000,Red Flag exercise
1521,000,Harrier Jump Jet
1509,000,Military deployment
1504,000,G.I. Joe
1484,000,Sikorsky CH-53K King Stallion
1467,000,Marine Expeditionary Force
1451,000,Sergeant Major of the Marine Corps
1447,000,Marine One
1444,000,Korea
1443,000,Schutztruppe
1434,000,Future War
1418,000,United States Marine Corps Silent Drill Platoon
665,000,World War II
672,000,Uniforms of the United States Marine Corps
679,000,Battle of Iwo Jima
1359,000,Surviving the Cut
1357,000,Gerard Butler
1347,000,VMM-263
1335,000,"Donald Trump presidential campaign, 2016"
715,000,Adam Driver
1315,000,Marine Special Operations Regiment
1297,000,First Amendment to the United States Constitution
563,000,M67 grenade
133,000,Sergeant Reckless
1793,000,Vietnam War
18,000,Roblox
2636,000,HIMARS
72,000,Marine Corps Air Ground Combat Center Twentynine Palms
2726,000,Order of battle
25,000,CNN Student News
2570,000,The Bible
2718,000,Raising the Flag on Iwo Jima
49,000,Infantry Immersion Trainer
90,000,Trump Tower Manila
2732,000,Bell AH-1 SuperCobra
2674,000,FIM-92 Stinger
2667,000,Bell AH-1Z Viper
2603,000,Weapons company
2620,000,Magpul Industries
2675,000,Robot
2653,000,President of the United States
2566,000,1st Tank Battalion
2740,000,Noncommissioned officer's creed
2702,000,Hand-to-hand combat
2519,000,Cold Response
97,000,Martial arts
78,000,Trump International Hotel and Tower
279,0010,All That Remains
1221,0010,United States Special Operations Command
1232,0010,Tim Kennedy
1209,0010,Marksman
2174,0010,Marksmanship Badge
278,0010,Officer Candidates School
1272,0010,Diplomatic Security Service
2223,0010,National Guard of the United States
754,0010,The Hornet's Nest
1489,0010,Special Purpose Marine Air-Ground Task Force for Crisis Response
745,0010,Kirkwood Mountain Resort
254,0010,Junior Reserve Officers' Training Corps
728,0010,Close quarters combat
2347,0010,SWAT
1460,0010,Reserve Officer Training Corps
2256,0010,Trigger
1438,0010,Regret Not
668,0010,Joint Special Operations Command
699,0010,Marine Security Guard
1334,0010,United States Army Reconnaissance and Surveillance Leaders Course
2207,0010,Bureau of Diplomatic Security
2164,0010,United States Army Special Forces selection and training
122,0010,Okinawa Marine
1639,0010,United States Marine Corps Physical Fitness Test
451,0010,Army Reserve Officers' Training Corps
450,0010,United States Marine Corps Light Armored Reconnaissance
476,0010,Inside Combat Rescue
1824,0010,War
1771,0010,Airborne & Special Operations Museum
2575,0010,University of Kansas
1094,0010,1st Reconnaissance Battalion
2593,0010,Fort Knox
155,0010,Marine Corps Security Force Regiment
434,0010,Kendrick Lamar
979,0010,Field training exercise
967,0010,My Strange Addiction
374,0010,26th Marine Expeditionary Unit
2438,0010,Special Mission Unit
1901,0010,'Till I Collapse
2134,0010,Act of Valor
1655,0010,United States Marine Corps School of Infantry
509,0010,3rd Light Armored Reconnaissance Battalion
898,0011,United States Marine Corps Wounded Warrior Regiment
624,0011,Navy Cross
2486,0011,Operation Enduring Freedom
386,0011,Fourragère
1920,0011,Leonard Slatkin
2669,0011,5th Marine Regiment
1342,0011,Royal Thai Marine Corps
1596,0011,Battalion
830,0011,31st Marine Expeditionary Unit
1575,0011,Lance corporal
468,0011,2nd Battalion 5th Marines
2565,0011,Infantry
2564,0011,Sergeant
1716,0011,Second lieutenant
1249,00120,Helitack
1345,00120,15th Marine Expeditionary Unit
138,00120,3rd Marine Aircraft Wing
2242,00120,Marine expeditionary unit
2403,00120,Expeditionary warfare
1095,00120,Sniper
1200,00120,Aerial firefighting
65,00121,1st Force Reconnaissance Company
579,00121,Reconnaissance
1796,00121,Modular Tactical Vest
2668,00121,Search and seizure
881,00121,Oorah
203,00121,CIRAS
1834,00122,Taliban
1774,00122,M40 rifle
2047,00122,United States Marine Corps Force Reconnaissance
599,00122,.50 BMG
1497,00122,Longest recorded sniper kills
395,001230,War in Afghanistan (2001–present)
175,001230,United States Marine Corps Forces Special Operations Command
2736,001230,Police action
1674,001230,I'm So Sorry
1948,001230,Imagine Dragons
467,001230,Romanian Police
250,001231,ARMA 3
231,001231,MilSim
1837,001231,ARMA
2624,00200,Campbell University
1222,00200,Quick reaction force
488,00200,Room
1308,00200,Junior Reserve Officer Training Corps
1719,00200,HMHT-302
2561,00200,Taiwan
51,00201,United States Navy Chaplain Corps
2714,00201,Maritime Special Purpose Force
2154,00201,Ford Super Duty
15,00201,III Marine Expeditionary Force
1648,00201,Special reaction team
2195,00202,Camp Pendleton North
1530,00202,London Has Fallen
2027,00202,Track and field athletics
2006,00202,United States Marine Corps Reconnaissance Battalions
348,00203,2014 Winter Olympics
1700,00203,Matt Nathanson
1100,00203,Michigan Wolverines football
757,00203,City Winery
1146,00203,The 2016 Rio Olympic Games
56,0020400,First Lieutenant
123,0020400,3rd Battalion 6th Marines
988,0020400,Countryside High School
2764,0020401,United States Department of Veterans Affairs Police
1906,0020401,Gus Bilirakis
994,0020410,Britney Spears
453,0020410,US Marines
2119,0020410,1st Battalion 2nd Marines
2594,0020411,Video of U.S. Marines urinating on Taliban fighters
2700,0020411,Urination
286,00210,Adele
825,00210,Amphibious vehicle
1985,00210,Ford Ranger
1730,00210,Ford
1751,00210,Aeolians
275,00210,Belt drive
1036,00210,Amphibious warfare
1181,00210,Car chase
682,00210,Samsung Electronics
2248,00210,Shawn Mendes
1960,00210,The Ellen DeGeneres Show
1472,00211,Conor Maynard
465,00211,Marine Corps Recruit Depot Parris Island
17,00211,Artillery observer
915,00212,Drums
929,00212,Cathy O'Brien
184,00212,Drum beat
2753,0022,2012 Benghazi attack
287,0022,Godspeed (Sweet Dreams)
1182,0022,Elmer Bernstein
892,0022,The Magnificent Seven
854,0022,How-to
2573,0022,Samsung Galaxy
2541,0022,Roman shade
1880,0022,Samsung Galaxy S5
910,0022,iRobot
2587,0022,Dixie Chicks
2029,0022,George W. Bush
469,0022,Roomba
149,00230,Anti-Personnel Obstacle Breaching System
2286,00230,Amphibious ready group
125,00230,Amphibious transport dock
2044,00230,Shoulder-launched Multipurpose Assault Weapon
1867,00230,Naval Station Norfolk
2030,00230,Shoulder-fired missile
828,00230,Tank
61,00230,Twilight
2380,00230,USS San Antonio (LPD-17)
1858,00230,The Twilight Saga
982,00230,AT4
1253,00230,Combat search and rescue
325,00231,Epic Rap Battles of History
618,00231,Roast
1787,00231,1st Marine Special Operations Battalion
383,00231,Immersive video
84,00231,PewDiePie
658,0024,Police academy
871,0024,Victoria Police
1841,0024,Massachusetts State Police
259,0024,Tampa Fire Department
1482,0024,Shayetet 13
1286,0024,Israeli Navy
459,0024,Naval Station Great Lakes
1967,0024,Fire
2151,0024,Cincinnati Fire Department
363,0024,Swimming
1313,0024,Military cadence
1266,0024,Nepalese Army
690,0024,United States Naval Sea Cadet Corps
77,0024,Press up
567,002500,United States Marine Corps Reserve
1553,002500,Chemical formula
2628,002500,First date
2436,002500,Chevrolet Camaro
2236,002501,Balikatan
636,002501,Joint Typhoon Warning Center
1050,002501,Drill instructor
2004,00251,Lee Brice
1643,00251,I Drive Your Truck
2241,00251,Trace Adkins
1604,00251,Mud
990,00251,Semper Fi
2089,002520,Muhammad Ali
1727,002520,Hammer drill
2184,002520,Milwaukee Electric Tool Corporation
577,002521,Daniel Kaluuya
1339,002521,Trailer
2471,00253,Not Ready to Make Nice
2707,00253,Speed reload
2090,00253,Seether
2488,00253,Fox Business Network
1857,00253,Sales
2396,00254,She Wore a Yellow Ribbon
1163,00254,I Like the Sound of That
2762,00254,Paul Cardall
2666,00254,Rascal Flatts
2395,00260,Truman Crawford
1689,00260,Drum Corps International
2334,00260,Drum and bugle corps
2459,00260,Winter Guard International
420,00260,"Symphony no. 4 in F minor, op. 36: IV. Finale. Allegro con fuoco"
2390,002610,Parris Island
2362,002610,Military parade
2011,002611,Commandant of the Marine Corps
1989,002611,United States Marine Drum and Bugle Corps
1031,003,Woodworking
455,003,Workbench
630,003,Lock
2040,003,Lock picking
2685,003,Bench dog
1881,0040,Nickel defense
367,0040,Assault Amphibious Vehicle
1855,0040,Counter-insurgency
1997,0040,Game for Vultures
379,0040,Boba Fett
1344,0040,"Harvey C. Barnum, Jr."
2760,0040,Wright Brothers Day
2535,0040,United States Marine Corps Training and Education Command
680,0040,Special Operations Forces Exhibition
716,0040,11th Marine Expeditionary Unit
2697,0040,Marine Air-Ground Task Force
1422,0040,The Fourth War
2278,0040,E:60
655,0040,Laser tag
2679,0040,Bowdoin College
634,0040,Bayonet
1456,0040,United States Marine Corps Recruit Training
2261,0040,United States Marine Corps Scout Sniper
446,0040,Vice
1298,0040,Helocast
2352,0040,24th Marine Expeditionary Unit
2367,0040,1st Marine Logistics Group
2592,0040,Ben Anderson
2750,0040,John F. Kelly
1699,0040,United States Marine Corps Warfighting Laboratory
1117,0040,Wild Geese
528,0040,Bebe Rexha
832,0040,Nate Ebner
1931,0040,The Daily Show
300,0040,Combat shotgun
554,0040,Hussain Al Jasmi
2413,0040,3rd Battalion 2nd Marines
1544,0040,1st Light Armored Reconnaissance Battalion
271,0040,Josh Norman
604,0040,My Girl
1118,0040,2nd Marine Division
1445,0041,Marshawn Lynch
2699,0041,Ken Masters
1331,0041,United States Declaration of Independence
1670,0041,Taser
2263,0041,Philip DeFranco
1986,0041,Battle of Chosin Reservoir
2318,0041,Paul Harvey
2346,0041,James Mattis
623,010,Someone Like You
1846,010,Andrea Bocelli
199,010,3rd U.S. Infantry Regiment
2529,010,Rob Evan
2255,010,Broken Vow
784,010,Craig Ferguson
2103,010,Linda Eder
1742,010,Corps of drums
1955,010,Mack and Mabel
1161,010,Vincent
115,010,The Prayer
1206,010,Kissing You Goodbye
153,010,Johnny Mathis
559,010,Michael Feinstein
877,010,Company: Being Alive
702,010,Royal Marines Band Service
1570,010,Josh Groban
1082,010,How Do You Keep the Music Playing?
1561,010,Old Guard Fife and Drum Corps
2,010,Ancient Fife and Drum Corps
1559,010,Gloomy Sunday
277,010,3rd US Infantry Regiment
2222,010,I Won't Send Roses
2695,010,Mandy Patinkin
918,010,Coffee in a Cardboard Cup
601,010,Don McLean
235,010,Raúl Esparza
827,010,Jekyll & Hyde
2446,010,Davis Gaines
1638,011,Center for the Intrepid
709,011,San Antonio Military Medical Center
1350,011,Health care
686,011,Burn
2360,011,Burn center
2616,011,Health Professions Scholarship Program
1414,011,Physician
951,011,Athletic trainer
2290,0110,Robert A. McDonald
1010,0110,Rocky Bleier
2635,0110,Vogue
803,0110,Brazilian jiu-jitsu
2091,0110,Post-9/11 Veterans Educational Assistance Act of 2008
1863,0110,America Live with Megyn Kelly
1365,0110,Australian Department of Veterans' Affairs
1389,0110,President-elect of the United States
1141,0110,Veterans Affairs Canada
179,0110,G.I. Bill
2404,0110,Kayaking
2141,0110,Sarah Palin
1714,0110,VA loan
2120,0110,United States Senate Committee on Veterans' Affairs
906,0110,Veterans Health Administration
1463,0110,Homeless veterans
522,0110,Connecticut
859,0110,United States Secretary of Veterans Affairs
1256,0110,Stephen Cochran
742,0110,Virginia Beach Middle School
2723,0110,Upward Bound
2258,0110,Suicide prevention
1394,0110,Conservative Political Action Conference
63,0110,Veterans Day
2121,0110,Crisis hotline
2473,0111,United States Department of Veterans Affairs
539,0111,Insurgency
299,0111,S.E.X.
1528,0111,Next Contestant
2295,0111,Bottoms Up
177,0111,When We Stand Together
2153,0111,Nickelback
2480,0111,Figured You Out
998,0111,Veterans Benefits Administration
1764,0111,If Today Was Your Last Day
166,0111,Never Gonna Be Alone
1290,0111,Sharp Dressed Man
2584,0111,Gotta Be Somebody
462,0111,The Warrior
1789,0111,Sessions@AOL
1360,0111,This Afternoon
692,0111,Burn It to the Ground
1121,0111,Something in Your Mouth
365,0111,ZZ Top
1368,0112,Watson
245,0112,Dick Cheney
1310,0112,Veterans Health Administration scandal of 2014
676,012,Joakim Noah
764,012,Navy Midshipmen men's lacrosse
1826,012,Trophy Point
2622,012,Omicron Delta Kappa
2240,012,Cadet
1660,012,United States service academies
2464,012,Woodrow Wilson
1072,012,Dixie
1696,012,The United States Military Academy Band
2605,012,Patriot League
1228,012,Ten Gentlemen from West Point
904,012,Riverside Military Academy
1964,012,Edith Bolling Galt Wilson
1063,012,Lacrosse
1717,012,Texas A&M University Corps of Cadets
651,012,Heart of Dallas Bowl
804,012,Martin Dempsey
497,012,Army Black Knights men's lacrosse
663,012,Singapore Armed Forces Parachute Team
2429,012,United States Military Academy Preparatory School
820,012,North Texas Mean Green football
2095,012,Military academy
590,012,United States Naval Academy
999,012,Drumline
981,012,Le Régiment de Sambre et Meuse
649,0120,Concert for George
2228,0120,Chet Atkins
283,0120,Revolution 1
2106,0120,The Beatles
1302,0120,Revolution
1492,0121,While My Guitar Gently Weeps
1046,0121,George Harrison
707,01300,Battleship
2490,01300,USS Constitution
2765,01300,Railgun
907,01300,Knife
902,01300,Sukhoi Su-24
1354,01300,K-141 Kursk
1381,01300,RIM-116 Rolling Airframe Missile
1376,01300,United States Ship
684,01300,Strait of Hormuz
1406,01300,Dock landing ship
959,01300,Lieutenant
626,01300,USS Freedom
628,01300,Baltic Sea
1459,01300,Freedom-class littoral combat ship
1455,01300,USS Porter (DDG-78)
643,01300,Fordham Rams football
644,01300,Torpedo
1442,01300,Boeing P-8 Poseidon
1440,01300,Live fire exercise
940,01300,Laser Weapon System
945,01300,Warship
1437,01300,Republic of Vietnam Navy
2691,01300,John Hutson
1428,01300,Motorcycle
2294,01300,Naval ship
1419,01300,Tomahawk
2767,01300,Hygiene
900,01300,Piracy in Somalia
1401,01300,United States naval aviator
2698,01300,Iran
673,01300,USS Philippine Sea
674,01300,Special warfare combatant-craft crewmen
1399,01300,Naval Base Kitsap
2499,01300,Stealth ship
2540,01300,GE Aviation
681,01300,USS John P. Murtha
969,01300,EV Nautilus
217,01300,Boeing F/A-18E/F Super Hornet
9,01300,Undercover Boss
2333,01300,Destroyer
1190,01300,USS Coronado (LCS-4)
1006,01300,Republic of Vietnam Military Forces
2407,01300,Royal Navy
173,01300,Attack on Pearl Harbor
170,01300,Russian Air Force
1177,01300,Cooking
815,01300,Paul Begley
816,01300,Red Cell
16,01300,Midget submarine
165,01300,World War III
879,01300,USS Donald Cook (DDG-75)
1119,01300,People's Liberation Army Navy
163,01300,USS Iowa (BB-61)
2443,01300,USS John S. McCain
1030,01300,Independence Day
1107,01300,SEAL Team Six
1103,01300,Ballistic missile submarine
842,01300,Target ship
2449,01300,USS George Washington (CVN-73)
846,01300,United States Coast Guard
849,01300,Ship
2467,01300,Arleigh Burke-class destroyer
1064,01300,Frigate
2460,01300,USS Gerald R. Ford
860,01300,Sovremenniy-class destroyer
1044,01300,USS New Jersey
868,01300,Landing
7,01300,United States Navy officer rank insignia
144,01300,USS America (LHA-6)
1199,01300,USS Mason (DDG-87)
1341,01300,Fighter pilot
1201,01300,Persian Gulf
789,01300,USS Thach (FFG-43)
215,01300,USS Carl Vinson (CVN-70)
2704,01300,Wasp-class amphibious assault ship
2339,01300,USS Antietam
2343,01300,USS Pueblo (AGER-2)
718,01300,Supercarrier
1320,01300,Navy of the Army of the Guardians of the Islamic Revolution
2344,01300,Naval Air Station Lemoore
725,01300,Aircraft emergency frequency
1314,01300,Littoral combat ship
730,01300,Patrol boat
1309,01300,Lockheed P-3 Orion
2487,01300,United States Coast Guard Academy
1296,01300,Nautical fiction
739,01300,USS Theodore Roosevelt (CVN-71)
897,01300,Fighter aircraft
1289,01300,Operation Inherent Resolve
748,01300,Neyland Stadium
2484,01300,Republic of Korea Navy
1277,01300,Carrier strike group
2364,01300,Russian Civil War
755,01300,Dana Loesch
2373,01300,Louie Gohmert
759,01300,USS Enterprise
2374,01300,USS Santa Fe (SSN-763)
1258,01300,Flight operations quality assurance
2398,01300,USS Independence (LCS-2)
1248,01300,USS Boxer (LHD-4)
2476,01300,Cruise missile submarine
1217,01300,Attack submarine
792,01300,Wrestling
1238,01300,Missile
1928,01300,Officer Candidate School
584,01300,Long Range Anti-Ship Missile
2637,01300,USS Nitze (DDG-94)
1557,01300,Islamic State of Iraq and the Levant
1669,01300,Uniforms of the United States Navy
499,01300,USS George H.W. Bush
1554,01300,USS Sioux City (LCS-11)
526,01300,United States Fifth Fleet
525,01300,News
2080,01300,EgyptAir
1827,01300,USS Antietam (CG-54)
2615,01300,Operation Red Wings
436,01300,Warning shot
1531,01300,Lockheed C-130 Hercules
1982,01300,Mary Greeley Medical Center
553,01300,Pharmacy
1979,01300,USS Gabrielle Giffords
1558,01300,M80 Stiletto
2161,01300,USS Hartford (SSN-768)
1810,01300,USS Enterprise (CVN-65)
1564,01300,Iowa-class battleship
74,01300,Army of the Guardians of the Islamic Revolution
1804,01300,The Bowery Boys
1800,01300,Air Force Falcons football
2041,01300,South China Sea
1599,01300,Jet aircraft
1640,01300,Littoral-combat ship
2145,01300,3D computer graphics
1850,01300,USS John C. Stennis
62,01300,United States Navy Reserve
1739,01300,Stolen Valor: How the Vietnam Generation Was Robbed of its Heroes and its History
2599,01300,USS Independence (CVL-22)
2005,01300,McDonnell Douglas F/A-18 Hornet
447,01300,USS Pinckney (DDG-91)
360,01300,Unidentified flying object
319,01300,Ceremonial Guard
1600,01300,Tugboat
452,01300,Marines
2639,01300,Navy Midshipmen
428,01300,USS Benfold (DDG-65)
595,01300,December 7th
390,01300,Russian Navy
1902,01300,Underway replenishment
1903,01300,Harpoon
311,01300,Pearl Harbor Survivors Association
511,01300,Medal of Honor
1685,01300,2007 Blue Angels South Carolina crash
257,01300,USS Harry S. Truman
2058,01300,Exercise RIMPAC
1919,01300,Close-in weapon system
2239,01300,USS Normandy (CG-60)
614,01300,Amphibious warfare ship
1480,01300,Drill team
616,01300,Arresting gear
2245,01300,Master Chief Petty Officer of the Navy
2246,01300,"Visit, board, search, and seizure"
1621,01300,Amphibious assault ship
399,01300,Northrop Grumman X-47B
2052,01300,Islamic Republic of Iran Navy
2225,01300,Flypast
519,01300,Trident
2550,01300,Ronald Reagan Ballistic Missile Defense Test Site
2111,01300,Huntz Hall
2502,01300,United States Navy EOD
552,01300,Los Angeles class submarine
1957,01300,Talwar-class frigate
2614,01300,The Battle of Midway
464,01300,Sergey Gorshkov
1510,01300,USS Nimitz (CVN-68)
2086,01300,Guided missile destroyer
387,01300,Don Shipley
419,01300,Ship commissioning
418,01300,Marcus Luttrell
1625,01300,Nuclear submarine
1945,01300,Japan Coast Guard Academy
1887,01300,Unmanned aerial vehicle
422,01300,Navy
2088,01300,USS America
1407,01301,USS Ohio
2335,01301,Submarine
1323,01301,Boeing Vertol CH-46 Sea Knight
1355,01301,Boat
2070,01302,Special Forces
664,01302,Carrie Underwood
756,01302,United States Navy SEAL selection and training
2314,01302,Parachuting
2384,0131,Misawa Air Base
765,0131,Submarine escape training facility
2112,0131,"Thomas J. Hudner, Jr."
778,0131,USS Pioneer (MCM-9)
2368,0131,USS Zumwalt (DDG-1000)
182,0131,North American Aerospace Defense Command
1691,0131,Food
1769,0131,Navy Midshipmen football
317,0131,Major depression
744,0131,Habitat for Humanity International
326,0131,USS Ronald Reagan (CVN-76)
736,0131,USS Fort Worth (LCS-3)
2583,0131,Phishing
1159,0131,Fire safety
2421,0131,Operations security
1755,0131,NORAD Tracks Santa
1634,0131,NASA
512,0131,Seabee
695,0131,West Wing
2158,0131,MOPP
2197,0131,Trains
1127,0131,Souda Bay
2663,0131,Combined Federal Campaign
2758,0131,"Commander, Naval Air Force U.S. Atlantic Fleet"
593,0131,Flight deck
142,0131,Army Black Knights football
2472,0131,Chief Petty Officer
260,0131,Zika virus
1888,0131,Aircraft carrier
641,0131,USS Germantown (LSD-42)
640,0131,National Hispanic Heritage Month
2543,0131,Computer security
1490,0131,Army–Navy Game
1910,0131,USS Wasp
1471,0131,Misawa
2302,0131,History of the United States Navy
1391,0131,USS Sampson (DDG-102)
1048,0131,Rigid-hulled inflatable boat
36,0131,Fire Prevention Week
2050,0131,Exercise Valiant Shield
1601,0131,Zumwalt class destroyer
2332,0131,New York Comic Con
2163,0131,USS Dwight D. Eisenhower
2329,0131,Dry dock
2623,0131,National Night Out
1568,0131,Dessert
2539,0131,Germantown
769,0131,Hispanic and Latino Americans
2652,0131,Flu season
514,0131,Fleet Week
14,0131,Sasebo
2012,0131,American football
2458,0131,USS Makin Island (LHD-8)
1093,0131,United States Navy Band
1002,0132,Mutillidae
880,0132,Stinger
1892,0132,2016 Democratic National Convention
1099,0132,Urban Decay
10,0132,Foundation
2387,0132,Military recruitment
1907,0132,Democratic National Convention
1192,0132,Mobile
928,0132,Eye shadow
2381,0132,Veteran
2533,0132,Crash Course
1524,0132,"Recruit Training Command, Great Lakes, Illinois"
1379,0132,Jesse Williams
2649,0132,Israeli–Palestinian conflict
2214,0132,The Young Turks
942,01330,Blue Angels
1954,01330,Aviation Nation
903,01330,Bermuda
449,01330,Air show
1672,01330,RAF Waddington
930,01330,Northrop T-38 Talon
2015,01330,Nellis Air Force Base
1732,01330,Patrick Air Force Base
2528,01331,Aviation accident or incident
2492,01331,Rockford
498,01331,Chicago Air & Water Show
1514,01331,Maika Monroe
1706,01331,Shelby 427
1790,01331,Hillsboro Airport
632,01331,Las Vegas Motor Speedway
2231,01331,Rockford Air show
2690,01331,Huntington Beach
1211,0134,Mexican people
1283,0134,Japanese Language
923,0135,National Collegiate Boxing Association
135,0135,Swab Summer
494,0136,Truck
302,0136,Caliber
2609,0140,Badinerie
1425,0140,The White Cockade
1976,0140,The Liberty Bell
1512,0140,Scherzo for Band
1836,0140,The Bride Elect March
1043,0140,William Walton
1412,0140,"Symphony for Band, West Point: Marches"
1571,0140,Polonaises Op. 40
2194,0140,Easter Monday on the White House Lawn
1392,0140,Timothy W. Foley
2756,0140,Herbert L. Clarke
2462,0140,Hail to the Chief
1049,0140,Edwin Eugene Bagley
1398,0140,Walter Piston
2203,0140,Riders for the Flag
2002,0140,Pyotr Ilyich Tchaikovsky
1543,0140,Symphony No.3
1990,0140,Symphonic Metamorphosis of Themes by Carl Maria von Weber
2204,0140,The Gridiron Club March
1963,0140,Entry March of the Boyars
1404,0140,March of the Steelmen
2298,0140,La Fiesta Mexicana: I. Prelude and Aztec Dance
1033,0140,Johannes Hanssen
2277,0140,"March, ""Semper Fidelis"""
2235,0140,Esprit de corps
2229,0140,"La Fiesta Mexicana: Carnival (1987, conducted by John R. Bourgeois)"
936,0140,The Chimes of Liberty
1468,0140,Daughters of Texas
1458,0140,"Serenade for Winds, op. 7"
946,0140,Galop: On Wings of Lightning
1917,0140,Henry Fillmore
2265,0140,Andreas Makris
1939,0140,Waltzing Matilda
955,0140,The Battle Hymn of the Republic
957,0140,Yorktown Centennial
1904,0140,Ride of the Valkyries
2271,0140,The Boys of the Old Brigade
2496,0140,Michael Gandolfi
2682,0140,"Symphony for Band, West Point: Epitaphs"
1431,0140,Valdres
1943,0140,Symphony No. 3
1895,0140,Flags of Freedom
1893,0140,Royal Welch Fusiliers
2276,0140,Ruffles and flourishes
1491,0140,H. Owen Reed
1944,0140,Symphony No. 4
1499,0140,Johann Sebastian Bach
2613,0140,National anthem
1439,0140,Ron Nelson
2503,0140,George Washington Bridge
2509,0140,Kansas Wildcats
1505,0140,Crown Imperial
996,0140,Vasily Kalinnikov
1000,0140,"Festive Overture, op. 96"
2273,0140,King Cotton
2186,0140,The Rose Parade
1366,0140,Aaron Copland
1079,0140,L'Apothéose (Symphonie funèbre et triomphale)
1204,0140,La forza del destino
2136,0140,Hector Berlioz
2735,0140,Symphony
1194,0140,Suite no. 1 in E-flat: Intermezzo
1666,0140,Serenade for Winds
1292,0140,Children's March
1205,0140,Thoughts of Love
2708,0140,Sleigh Ride
2630,0140,Carl Teike
2412,0140,Elsa's Procession To The Cathedral From Lohengrin
2351,0140,Overture to La forza del destino
1773,0140,William Bolcom
2526,0140,Music
2087,0140,Ludwig van Beethoven
2359,0140,The Many Moods of Christmas
1626,0140,Scott Lindroth
2361,0140,Spin Cycle
1284,0140,Charles Ives
1687,0140,March of the Women Marines
2724,0140,The Royal Welsh Fusiliers
1682,0140,With Pleasure
2247,0140,The Charlatan Waltzes
1270,0140,Revelation March
1275,0140,Country Band March
2716,0140,Wagner-Werk-Verzeichnis
1243,0140,Richard Wagner
2648,0140,Marching band
2733,0140,Passacaglia: Homage on B-A-C-H
1279,0140,March for Military Band
2110,0140,Mark Camphouse
2405,0140,The Occidental
1220,0140,Entry March of the Boyares
1676,0140,Semper Fidelis
1311,0140,Andrea Chénier
1781,0140,Requiem
1619,0140,God of Our Fathers
1109,0140,Gordon Jacob
2032,0140,Valdres March
2701,0140,Samuel Barber
2517,0140,National Fencibles
1590,0140,The Thunderer
1589,0140,Gloriana: Courtly Dances
1114,0140,Fife
1585,0140,Vientos Y Tangos
2651,0140,Morton Gould
1261,0140,"Annie Laurie (1965, feat. James Erdman, trombone)"
1576,0140,San Lorenzo
1087,0140,The Invincible Eagle
2567,0140,Hands Across the Sea
2514,0140,La forza del destino: Overture
2328,0140,Richard Strauss
1597,0140,Simone Mantia
1115,0140,Hail to the Spirit of Liberty
1116,0140,The Gallant Seventh
1786,0140,Adjutant's Call
1609,0140,National Emblem
2068,0140,Commando March
1136,0140,San Lorenzo march
1130,0140,Toccata Marziale
1318,0140,Gustav Holst
1122,0140,Polonaise
2062,0140,Armed forces
1322,0140,Ralph Vaughan Williams
2424,0140,Karel Husa
1327,0140,"Toccata and Fugue in D minor, BWV 565"
1603,0140,Symphony in B-flat for Band
1602,0140,Finale from Symphony no. 2
2434,0140,Slow March
1794,0140,Pablo de Sarasate
2175,0140,Funeral march
1465,0140,Musical ensemble
1385,0140,Ancient and Honorable Artillery Company of Massachusetts
82,0140,Manhattan Beach
517,0140,Paul Hindemith
516,0140,Gioacchino Rossini
266,0140,My Bonny Boy
211,0140,The Circus Band
127,0140,La Fiesta Mexicana: II. Mass
292,0140,New York Hippodrome
73,0140,Reveille
727,0140,The National Game
441,0140,Second Regiment Connecticut
443,0140,Song of the Marines
502,0140,The Rifle Regiment
41,0140,Taps
844,0140,The Loyal Legion
500,0140,George Washington Bicentennial
43,0140,The Armed Forces Medley
895,0140,"Children's March: ""Over the Hills and Far Away"""
625,0140,Badenweiler Marsch
359,0140,Benjamin Britten
637,0140,Old Comrades
489,0140,A Night on the Bare Mountain
645,0140,Chimes of Liberty
204,0140,The Washington Post
71,0140,The Gridiron Club
54,0140,United States of America
661,0140,Warren Benson
482,0140,Classical music
134,0140,"Tone Poem, Mannin Veen"
782,0140,Stars In A Velvety Sky
270,0140,El Capitan
795,0140,Toccata marziale
611,0140,A Visit from St. Nicholas
478,0140,"Suite algérienne, op. 60: IV. Marche militaire française"
24,0140,First Suite in E-flat for Military Band
922,0140,"Coronation March, ""Crown Imperial"""
103,0140,symphony
837,0140,Ride of the Valkyries from Die Walküre
777,0140,Man Of The Hour
161,0140,The Black Horse Troop
100,0140,Foshay Tower Washington Memorial
920,0140,Aegean Festival Overture
919,0140,"Siegfried"" Fantasie"
861,0140,Purple Pageant
546,0140,Die Walküre
389,0140,The Fairest of the Fair
704,0140,Dance of the Jesters from The Snow Maiden
312,0140,The Charlatan
694,0140,English Folk Song Suite
121,0140,United States presidential inauguration
344,0140,Piece Concertante
237,0140,United States Armed Forces
572,0140,Overture To William Tell
685,0140,Festmusik Der Stadt Wien
20,0140,"Believe Me, if All Those Endearing Young Charms"
573,0140,Sound Off
2372,01410,Molly on the Shore
938,01410,Artie Shaw
582,01410,Concerto for Clarinet
691,01410,Robert Russell Bennett
131,01410,Tokyo Kosei Wind Orchestra
364,01410,The Regimental Band of the Coldstream Guards
2094,01410,Horkstow
1516,01410,Orchestra
1337,01410,Jubilee Overture
1817,01410,Lincolnshire Posy
2178,01410,Suite of Old American Dances
2016,01410,Gabriel Fauré
1470,01410,Slava! A Political Overture for Orchestra
2576,01410,Philip Sparke
2419,01410,Dallas Wind Symphony
954,01410,Concert band
284,01410,Eastman Wind Ensemble
2600,01410,Roger Nixon
1450,01410,Percy Grainger
2489,01411,Gerónimo Giménez
1868,01411,Joaquín Rodrigo
1843,01411,Alberto Ginastera
1896,01411,Pictures at an Exhibition
507,01411,Modest Petrovich Mussorgsky
1656,01411,Enrique Granados
1767,01411,The Barber of Seville
1695,01411,United States Army Field Band
722,01411,Great Gate of Kiev
937,01411,Largo al factotum
1631,01411,Sergiu Celibidache
2201,014120,Studio C
1653,014120,Fanfare for the Common Man
89,014120,Wire
2475,014120,Wire wrapped jewelry
909,014120,John Williams
234,014121,Parade
2233,014121,"""The President's Own"" United States Marine Band"
381,01420,Pen
1307,01420,John Philip Sousa
2210,01420,Fountain pen
965,01420,Stars and Stripes
1113,01420,Marines' Hymn
1013,01420,The Stars and Stripes Forever
2074,01420,The Star-Spangled Banner
872,01421,Infected Mushroom
2481,01421,Rachel Platten
1097,01421,Anchors Aweigh
2683,01421,Vicious Delicious
2661,01421,Semper Paratus
729,01421,The U.S. Air Force
1565,015,Cyanide & Happiness
191,015,Air Jordan
972,016,Darth Vader
2720,016,Star Wars: The Clone Wars
2003,016,Ahsoka Tano
397,0170,Anthony T. Kahoʻohanohano
1364,0170,Brett Wood
862,0170,Steel Challenge
1085,0170,Sammy L. Davis
2035,0170,Black Hawk Down
2598,0170,United States Army Vietnam
1851,0170,Battlefield 4
1720,0170,Singing
1745,0170,Southridge High School
1091,0170,Private first class
731,0170,Funeral procession
1972,0171,Vomitspit
851,0171,Casey Neistat
1336,0171,Road rage
2132,0171,Daniel Dumile
2527,0171,Ghost hunting
1913,0171,Tripod
118,0171,Honda Magna
1231,0171,Apple Watch
2426,0171,Vitaly Zdorovetskiy
1646,0171,Eating
974,0171,Battlefield
1469,0171,Calorie
2544,0171,Honda CBR1000RR
70,0171,Trampoline
1023,0171,Overwatch
927,0171,Thai food
1032,0171,Ripping
2275,0171,Car
775,0171,Boot camp
417,0171,Weight loss
2766,01720,Professor X
1014,01720,Gabrielle Reece
448,01720,X-Men
396,01720,Aerobic exercise
1809,01720,Keeping Up with the Kardashians
1214,01720,Zumba
749,01720,Illegal immigration
1162,01720,Alyssa Milano
2761,01720,Tamera Mowry
92,01720,Female submission
2747,01720,The Dark Phoenix Saga
1106,01720,The Real Talk Show
1227,01720,Ancestor
797,01721,Cordylobia anthropophaga
950,01721,Black
2297,01721,Treasure
1358,01721,USB
1237,01721,Dome
1869,01721,Racism
1065,01721,White people
2660,01730,United States Navy Amphibious Reconnaissance Corpsman
2056,01730,Dead Island 2
2571,01730,Marine Corps Combat Utility Uniform
2737,01730,Dead Island
2591,01730,United States Marine Air-Ground Task Force Reconnaissance
794,01730,Fallout: 4
791,01730,late for meeting
2250,01730,Special Patrol Insertion/Extraction
1952,01730,Daft Punk
1293,01730,Never Gonna Give You Up
2031,01730,Rick Astley
2282,01730,iPhone
2420,01730,Squad leader
2751,01730,Rickrolling
2469,01730,iPad
1257,01730,Lyrics
171,01730,Get Lucky
2638,01730,Welcome to the Jungle
1877,01731,Hospital corpsman
823,01731,Enlisted rank
52,01731,Eventing
1466,01732,Dead Rising
1925,01732,Fallout
1187,0174,WWE
288,0174,Power Rangers
294,0174,Dragon Ball Z
1212,0174,Mind Control
2205,0174,CM Punk
1142,0174,United States military pay
2191,0174,Armed Services Vocational Aptitude Battery
2187,0174,Cruiserweight
2137,0174,Naruto
261,0174,Dragon Ball
2299,0174,Port Hueneme
2125,0174,Black Friday
2558,0174,WWE Raw
2553,0174,The Elder Scrolls V: Skyrim
1797,0174,Brock Lesnar
2131,0174,Minato Namikaze
2656,0174,Dragon Ball Z: Fukkatsu no F
1435,0174,Yamaha MT-07
1384,0174,Samoa Joe
2595,0174,Twinkie Clark
1668,0174,J. Cole
2024,0174,Mighty Morphin' Power Rangers: The Movie
2450,0174,Tye Tribbett
600,0174,Navy Expeditionary Combat Command
2748,0174,Motovlog
1708,0174,The Undertaker
2743,0175,Explosion
233,0175,Heel-toe technique
430,0175,John McCain
1213,0175,Guitarist
1775,0175,Bass drum
2017,0175,Snare drum technique
689,017600,Deus Ex: Mankind Divided
670,017600,Deus Ex
105,017600,Gameplay
322,017601,Minecraft
2049,017601,Achievement Hunter
68,017601,Let's Play
1004,01761,HSM-77 Saberhawks
2033,01761,USS Abraham Lincoln (CVN-72)
530,01761,Yamaha YZF-R3
1017,01761,Yamaha FZ16
1994,01761,Siberian Husky
2312,01770,Motion graphics
38,01770,Darwine
521,01770,Soundtrack
617,01770,OS X
251,01770,Jon Bailey
1722,01770,PlayStation 4
1988,01770,Marriage proposal
639,01770,American Sign Language
2662,01770,Adobe After Effects
200,01770,Sign language
380,01770,Nerdist News
2530,01770,Web design
454,01770,Comic Book Girl 19
1860,01770,Hodor
1378,01770,Jessica Chobot
484,01771,Ghostbusters III
1134,01771,Star Wars: Episode VIII
914,01771,Ghostbusters
515,018,Electronic filter
2143,018,Monolithic microwave integrated circuit
264,018,Electronic circuit
1548,018,Phantom circuit
1537,018,Matter
2629,018,Electricity
2518,018,Transformer
19,018,Frequency modulation
2696,0190,Writing
1805,0190,Scholarship
1623,0190,Mock interview
943,0190,Early action
1883,0190,Recommendation letter
1647,0190,Student loan
183,0190,University and college admission
2341,0190,Do it yourself
375,0190,College admissions in the United States
2230,0190,Early decision
2627,0190,Student financial aid in the United States
2192,0191,Five Nights at Freddy's
1452,0191,School Psychology
631,0191,National Football League Coach of the Year Award
1215,0191,Phonetics
847,0191,Selena Gomez
1981,0191,FAFSA
1172,0191,Federal Student Aid
2611,0191,Violin
566,0191,Five Nights at Freddy's 3
156,0191,Washington Redskins
2172,020,The Notorious B.I.G.
1464,020,Aerodynamics
1725,020,Matoma
840,020,Fortress
2441,020,Mark Fuhrman
1924,020,Snake
1816,020,United States Army Air Forces
1779,020,Atomic bombings of Hiroshima and Nagasaki
337,020,Boeing B-29 Superfortress
470,020,Joe Rogan
1125,020,Bombsight
2618,020,Norden bombsight
894,020,Stanley
1806,020,Aerodynamic force
2303,020,Ohio State University
608,020,Denise Richards
244,020,Douglas DC-3
958,020,Sandy Hook Elementary School shooting conspiracy theories
2709,020,Sandy Hook Elementary School shooting
2306,020,Bell P-39 Airacobra
2311,020,Fuhrman tapes
223,021,Wingover
1409,021,Basic fighter maneuvers
932,021,Aerobatics
558,021,Slow roll
1312,021,Dogfight
2442,021,Instrument flight rules
157,021,Got Talent
104,021,Air combat manoeuvring
2300,021,Air navigation
2393,021,Sam Wills
2288,021,War Thunder
2077,021,America's Got Talent
829,021,Digital Combat Simulator
826,021,Spin
192,021,Naval Air Station North Island
181,021,Thach Weave
255,021,Formation flying
2694,021,Gummi candy
1449,021,Pepsi
1333,021,Stall
2370,021,Barrel roll
711,022,Industrial dance
2046,022,Kesha
1324,022,Wynardtage
693,022,Die Young
2680,022,Tik Tok
1462,023,Late Night with Seth Meyers
2045,023,Jennifer Lawrence
1897,024,Magnesium sulfate
160,024,Astrud Gilberto
356,025,Limp Bizkit
314,025,My Way
585,026,Scarface
2353,026,On My Block
492,026,My Block
32,027,Scala & Kolacny Brothers
1066,027,Machine Gun Kelly
341,027,Screaming Trees
1207,027,Our Last Fight
1133,0280,Squat
2064,0280,Intermittent fasting
2451,0280,Deadlift
987,0281,Michael O'Hearn
2144,0281,Parachute cord
858,029,StG 44
2461,029,LWRC International
2769,030,Shooting
1550,030,High-altitude military parachuting
2028,030,Ruger LCP
2506,030,Combat Fitness Test
2547,030,Freestyle rap
2066,030,Noyo River
1057,030,Dustin Lynch
2512,030,Kings Point
2059,030,God's Gonna Cut You Down
1894,030,Arlington National Cemetery
939,030,After Party
130,030,LoCash Cowboys
1999,030,La Push
2525,030,Los
2014,030,10mm Auto
843,030,Thank You for Your Service
968,030,Arlington County
2608,030,United States Coast Guard Cutter
1748,030,Sway Calloway
993,030,JW GROM
472,030,Nangarhar Province
1145,030,Boatswain's mate
2208,030,Coast Guard Air Station San Francisco
1329,030,Elmer Fowler Stone
1506,030,Marvin Gaye
2264,030,Serene
493,030,Love and Theft
172,030,Sentinel-class cutter
1675,030,Middle of Nowhere
2392,030,But It's Better If You Do
1588,030,Charlie Puth
2317,030,Kyle Carpenter
1020,030,"Sturm, Ruger & Co., Inc."
767,030,Panic! at the Disco
210,030,USCGC Bertholf (WMSL-750)
1677,030,Ellen DeGeneres
79,030,47-foot Motor Lifeboat
800,030,September 11 attacks
2313,030,Johnny Cash
202,030,Fortescue
1680,030,Coast Guard Station Cape Disappointment
2693,030,Mind Reader
320,030,Logic
295,030,Response Boat – Medium
2193,030,Gun
370,0300,The Chipmunks
2559,0300,SpongeBob SquarePants
2655,0300,The Thundermans
885,0300,Infant
1641,0300,M&M's
589,0300,Games
2552,0300,Gingerbread house
2745,0300,Elsa
1015,0300,Kira Kosarin
1921,0300,Chocolate
2625,0300,Music Key
1865,0300,Playmobil
2601,0300,Gingerbread
1872,0300,The Chipettes
891,0300,Chipmunk
2520,0300,Barbie
1356,0300,ALVINNN!!! and the Chipmunks
2279,0300,Nickelodeon
2165,0300,How To Cook That
340,0300,Anna
1164,0300,Kinder Surprise
147,0300,It's a SpongeBob Christmas!
2301,0300,Snickers
2430,0300,Jack Griffo
2135,0300,Henry Danger
1733,0301,Zootopia
2730,0301,Equestrianism
1555,0301,Horse
835,0301,Cake
263,0301,Cupcake
159,0301,Longeing
150,0301,Horse training
2734,0302,Swimming pool
768,0302,Troll doll
1474,0302,Toy
2124,0302,Haul video
652,0302,Trolls
555,031,Joe Nichols
2719,031,Tequila Makes Her Clothes Fall Off
1765,0310,Watercraft
220,0310,LNG carrier
1780,0310,Rescue
1218,0310,Narco-submarine
1741,0310,Commandant of the Coast Guard
50,0310,Gulfstream V
2259,0310,Wave
2560,0310,The Finest Hours
416,0310,USCGC Mellon (WHEC-717)
313,0310,United States Revenue Cutter Service
99,0310,SPARS
1612,0310,Business jet
1140,0310,MAST Academy
438,0310,Arctic
1203,0310,United States Merchant Marine Academy
1610,0310,Carnival Sensation
545,0310,Cesar Romero
1269,0310,National Security Cutter
1128,0310,Coast Guard Alaska
926,0310,USCGC Spar (WLB-206)
2213,0310,Medium endurance cutter
145,0310,Canadian Coast Guard
2453,0310,Rescue swimmer
787,0310,Oregon Inlet
901,0310,Rogue wave
2510,0310,Little Sable Point Light
1373,0310,United States Coast Guard Reserve
154,0310,Chief petty officer
345,0310,Tybee Island
985,0310,Air-sea rescue
1942,0310,Fidel Castro
2304,0310,HMCS Huron
5,0310,USCGC Diligence (WMEC-616)
1423,0310,Chatham
571,0310,Yacht
2218,0310,Gunner's mate
1301,0310,America the Beautiful
114,0310,International Ice Patrol
407,0310,Luxury yacht
1174,0310,Heceta Beach
1584,0311,Bass fishing
1264,0311,Lil Wayne
83,0311,Largemouth bass
2340,0311,Veganism
785,0311,"Like Father, Like Son"
1715,0311,Fishing
2470,032,Afghanistan
174,032,Marine Corps Air Station Yuma
503,032,Uganda
205,032,Senior airman
1011,032,Unexploded ordnance
1483,032,WatchMojo.com
2641,032,Uganda People's Defence Force
2432,032,Detonation
1734,032,Improvised bombing
1842,032,Penn State Nittany Lions football
496,032,Texas Longhorns football
1487,032,Bomb disposal
1361,032,Explosive Ordnance Disposal Badge
535,032,Bomb
2757,032,Explosive material
219,032,Stephen Phillips
1433,032,Andersen Air Force Base
2181,033,J.E.B. Stuart
480,033,Carlisle Barracks
1138,033,Lyndon B. Johnson School of Public Affairs
529,033,Hossein Mousavian
887,033,Tom Clancy's Rainbow Six
2378,033,Jim Thorpe
947,033,Battle of Carlisle
1598,033,Tom Clancy's Rainbow Six: Siege
1968,033,Warzone
1947,033,Raymond T. Odierno
852,033,American Civil War
141,033,U.S. Army Heritage and Education Center
415,033,Civil–military relations
350,033,U.S. Army War College
2026,033,Great Decisions
227,034,Work
1770,034,Photoelectric effect
1476,034,Twenty One Pilots
1111,0340,Atheism
659,0340,Unboxing
1636,0340,Sanitary sewer
556,0340,Jimmy Tatro
393,0340,Women in combat
1150,0340,Bullying in teaching
2007,0340,Bone fracture
687,03410,Sniper Wolf
423,03410,Call of Duty
908,03410,Call of Duty: Modern Warfare 3
1750,03410,Thanksgiving
2157,03411,Godparent
94,03411,Grand Theft Auto V
2414,03411,Call of Duty: Black Ops II
2237,03411,Grand Theft Auto
1627,035,Short Film
347,035,Interrogation
2348,035,Disneyland
1075,035,Cartography
1252,035,Example
1151,035,Private Snafu
2220,035,Transnet Freight Rail
831,035,Water purification
2048,035,Map
1573,035,Walt Disney World
112,035,Biological warfare
1551,035,Film
992,035,Chemical warfare
642,035,Sex Hygiene
95,035,Nerve agent
683,035,Submarine Escape Immersion Equipment
2659,035,Watch the Sun Come Up
2607,035,Panzergrenadier
427,035,Gas
228,035,French Resistance
808,0360,Pull-up
2257,0360,Male privilege
1569,0360,Eve Online
2717,0360,Science
216,0360,Feminism
2268,0360,Nouha Dicko
2331,0360,Abdication
239,0360,Saturday Night Live
1620,0360,Hand grenade
1184,0360,Anita Sarkeesian
788,0360,Time
1325,0360,Morgan Freeman
970,0360,Ben Shapiro
2127,0360,Eggbeater kick
1864,0360,Water polo
758,0360,"Warhammer 40,000"
1280,0360,Drexel University
688,0360,Push-up
1884,0360,Joe Vargas
2085,0360,Ian Dickson
332,0360,Nazism
2439,0360,Draft:DC's Legends of Tomorrow
1922,0360,Hillary Rodham Clinton
1300,0360,Jesse Ventura
1926,0360,Berkeley
1067,0360,Phil Mason
2444,0360,Laci Green
391,0360,Political correctness
1353,0360,George Orwell
2500,0360,Cenk Uygur
1321,0360,Sargon of Akkad
369,0360,Anti-fascism
1840,0360,Treading water
34,0360,Milo Yiannopoulos
432,0360,Fixed-gear bicycle
2688,0360,Barghest
1149,0360,Bug
817,0360,Black bloc
2681,0360,Blair White
195,0360,The Great Dictator
276,0360,Manspreading
2371,0360,Rohan
779,0360,Cringe comedy
633,0360,Suicide attack
1759,0360,Philip Davies
776,0360,Melting
35,0360,Black Lives Matter
2177,0360,TL;DR
1262,0360,SEAL Delivery Vehicle
971,0360,Charlie Chaplin
647,0360,Combat sidestroke
1970,0361,John B. Wells
576,0361,Stephen Curry
1822,0361,Gregg Popovich
531,0361,Peter Gabriel
2626,0361,Friday
409,0361,Between Two Ferns with Zach Galifianakis
2063,0361,Rebecca Black
2731,0361,Chinchilla
2672,0361,Careless Whisper
69,0361,Zach Galifianakis
1835,0361,Heroes
2252,0361,San Antonio Spurs
2190,0361,Julius Thomas
2771,0361,Geography
735,0361,"""Heroes"""
762,0361,Peyton Manning
1271,0361,The Frogmen
799,0361,League of Legends
638,0361,Nigel Thornberry
724,0361,Robert F. Kennedy
1303,0361,Doing It Wrong
1473,0361,Frogman
594,0361,Mark Ronson
1711,036100,Hitman 6
1429,036100,Stephen Colbert
339,036100,United States Ambassador to Turkey
591,036101,Mousetrap
1813,036101,Windham
2336,036101,Late Show with Stephen Colbert
321,0362,Pakistan Super League
148,0362,Narcissism
2051,0362,Ryan Lochte
2431,0362,Astrological sign
88,0362,Static stretching
2578,0362,Low back pain
1823,0362,Guinness World Records
487,0362,Stretching
1519,0362,Injury
1542,0362,Ophiuchus
1147,0362,Knee
1784,0362,Zodiac
1189,0362,Chlorpromazine
1104,0362,Window
2463,0362,Methylcobalamin
117,03630,Far Alone
995,03630,Jay Ant
2545,03630,Sony Computer Entertainment
543,03630,The Last of Us
527,03630,M240 machine gun
208,03630,Headset
1713,03630,New Crusaders
893,03630,Pornography
1383,03630,Video game
1388,03630,Television advertisement
548,03630,Howard Metzenbaum
1861,03630,SOCOM II: U.S. Navy SEALs
1724,03630,PlayStation 2
1747,03630,Lamborghini
1441,03630,XLink Kai
2687,03630,SOCOM: U.S. Navy SEALs
124,03630,John Glenn
2389,03630,VanossGaming
119,03630,Vietnam veteran
40,03630,PlayStation
2501,03630,Granger Smith
2516,03630,Team America: World Police
597,03630,Sexual fetishism
751,03630,Garry's Mod
2642,03630,Christmas truce
2211,03630,Police
719,03630,Calais
738,03631,Judge Advocate General's Corps
1529,03631,Chattanooga
178,03631,United States Armed Forces oath of enlistment
1352,03631,Honor Flight
583,03631,"Judge Advocate General's Corps, U.S. Navy"
1170,03631,Commander
1343,03631,Judge Advocate General of the Navy
870,03631,West Virginia
1534,03631,Douglas A-4 Skyhawk
1743,036310,SOCOM 4: U.S. Navy SEALs
2523,036310,SOCOM
4,036310,PlayStation Move
884,036311,SOCOM: U.S. Navy SEALs Confrontation
1898,036311,Laughter
1503,0364,Oprah Winfrey
1517,0364,Body worn video
1039,0364,Metal detector
1475,0364,The Oprah Winfrey Show
2417,0364,Traffic stop
1088,0364,Lettice Rowbotham
2081,0364,Police officer
1400,0364,Gary Johnson
39,0364,Edward Snowden
1791,0364,Cop Block
956,03640,Transformers
2168,03640,Cracked.com
1686,03640,Corey Feldman
671,03641,Outlaw Country
87,03641,Attention deficit hyperactivity disorder
48,03641,The Bottle Rockets
1340,03642,Welding
2099,03642,Gas tungsten arc welding
8,03642,SEMA Show
2746,036430,Daymon Patterson
1611,036430,Burger King
1991,036431,United States Navy SEALs
168,036431,Helmet
1651,036431,Procrastination
534,036431,Heart
1386,03650,"Martin Truex, Jr."
106,03650,Jay Leno's Garage
2147,03650,World of Warcraft
2363,03650,Real Time with Bill Maher
813,03650,Bill Maher
353,03650,Girls Just Want to Have Fun
717,03650,Jay Leno
997,03650,Cyndi Lauper
2521,03650,Kellyanne Conway
1369,03650,Hurst Hemi Under Glass
328,03651,Anderson Cooper
2152,03651,Eric Trump
1933,03651,Jeb Bush
1538,03651,Jake Tapper
2365,03651,Kanye West
1021,03651,Election recount
796,03651,Reza Aslan
113,03651,Stronger
1281,03651,Melania Trump
1776,03651,Ted Cruz
542,03652,France 24
1053,03652,Hulk
1041,03652,Iron Man
1690,03652,Rockwell
1382,03652,CNN
520,03652,Treal T.V.
1096,03652,Somebody's Watching Me
874,03652,Eazy-E
1288,03652,Looie Crew
400,03652,Mac Dre
2337,03652,Uninvited
1513,036530,Phantom
305,036530,Michelle Obama
783,036530,DJI Innovations
2216,036530,Accident
574,036531,Donald Trump
186,036531,Newt Gingrich
1995,036531,Loretta E. Lynch
243,0366,Girlfriend
2020,0366,Flag of the United States
2310,0366,Battle buddy
1247,0366,Hooah
388,0366,Flirting
841,03670,You Got Served
2643,03670,Last Judgment
2410,03670,Keegan-Michael Key
766,03670,The Conjuring
746,03670,Hopsin
247,03670,Key & Peele
2482,03670,Gatling gun
2435,03670,Hunting
1110,03670,O.T. Genasis
1710,03670,Jordan Peele
2497,03670,Metro Boomin
162,03670,Lloyd
1563,03670,Collateral
1105,03670,Wild boar
352,03670,Norwegian Labour and Welfare Administration
1792,03670,Alcorn State Braves
6,03670,Arkansas Razorbacks football
2325,03670,Ill Mind of Hopsin 7
2452,03670,Lil Herb
1608,03671,Pistol
2498,03671,Atchisson Assault Shotgun
1798,03671,Ballistic trauma
458,03671,Handgun
431,03671,Botfly
411,03671,FPSRussia
1959,03671,Shooting sport
2728,03671,Weaver stance
560,03671,Sling
931,03671,Small Arms
232,036720,Tucson Police Department
1375,036720,Disturbed
2375,036720,Bodybuilding
401,036720,Christopher Heben
1086,036721,Motivation
2215,036721,Physical fitness
1735,036721,Matt Stonie
1493,036721,Woodturning
734,036721,Hans Zimmer
2485,036721,Arnold Schwarzenegger
1273,03680,Refrigerator
1766,03680,Redneck Side of Me
864,03680,WASR series rifles
650,03680,AK-47
128,03680,The Woman with You
435,03680,Conway Twitty
855,03680,Tim McGraw
76,03680,Making Marines
1958,03680,Raise Hell
426,03680,Hadji Girl
622,03680,Kiss You in the Morning
1642,03680,Jamey Johnson
2251,03680,Chancey Williams and the Younger Brothers Band
833,03680,Human Weapon
1502,03680,Open carry in the United States
304,03680,My Little Girl
1678,03680,Father
1962,03680,Chris Janson
1338,03680,Drake White
2296,03680,Jim Brickman
2456,03680,The Woman With You
1652,03680,That's My Job
190,03680,Never Alone
1396,03680,Self-defense
1019,03680,Mixed martial arts
1154,03681,Making out
696,03681,Save It for a Rainy Day
120,03681,Kenny Chesney
248,03681,Firewatch
1549,03690,Seal
2689,03690,Castle of Glass
899,03690,Craig Sawyer
2399,03690,Sniper rifle
2542,03690,Marc Alan Lee
1432,03690,Stanford Cardinal men's basketball
1351,03690,Ryan Zinke
1768,03690,SHOT Show
282,03690,Strength training
1319,03690,Richard Machowicz
1545,03690,SOG Specialty Knives
2568,03690,Weight training
224,03690,Death of Osama bin Laden
2402,03690,Central Park Zoo
1661,03690,The Selection
1403,03690,Robert O'Neill
773,03690,Bernie Sanders
2634,03690,SIG Sauer P226
1233,03690,Sauer & Sohn
1875,03690,Senior chief petty officer
2217,03690,Exercise Talisman Saber
1330,03690,Extraterrestrial life
1905,03690,Barack Obama
1387,03690,USA Memory Championship
1911,03690,Live to Tell
1235,03690,Lone Survivor
856,03690,WWE Tribute to the Troops
2162,03690,Dan Bilzerian
793,03690,Obstacle course
377,03690,Scott Taylor
2474,03690,Zoo
2590,03690,Mosul
2738,03690,Martin Riggs
2427,03690,Titus O'Neil
2155,03690,Glock
2366,03690,GLOCK 19
2534,03690,Survival knife
2597,03690,Matt Bissonnette
2330,03690,United States special operations forces
1244,03690,Gun control
1527,03690,Eric Greitens
2133,03690,New World Order
2308,03690,"Charles Keating, Jr."
911,03690,David Petraeus
158,03690,Syrian civil war
2408,03690,Republic of Korea Naval Special Warfare Flotilla
2061,03690,Richard Phillips
2563,03690,Fox News Channel
876,03690,Osama bin Laden
960,03690,United States Naval Special Warfare Command
403,03690,Republican National Convention
733,03690,300
1525,03690,Admiral
2511,03690,Schweizerische Industrie Gesellschaft
741,03690,Generation Kill
1305,03691,Alex Jones
2293,03691,Sailor
1402,03691,Van Jones
675,0370,Campanology
226,0370,University
60,0370,College
1054,0370,Bell-ringer
1645,0370,Annika Sörenstam
1123,0371,Sikorsky HH-60 Jayhawk
1139,0371,Coast Guard Air Station Los Angeles
619,0371,United States Coast Guard Air Stations
2379,0371,Coast Guard Air Station San Diego
338,0371,Coast Guard Air Station Elizabeth City
701,0371,Kodiak
2706,0371,Los Angeles County Lifeguards
1726,0371,Naval Air Station Barbers Point
37,0371,Coast Guard Air Station Savannah
2538,0371,Coast Guard Air Station Borinquen
991,0371,USCGC Spar (WLB-403)
2357,0371,Armed Forces Classic
605,03720,Oil spill
13,03720,Keiynan Lonsdale
1737,03720,Premiere
1624,03720,United States Merchant Marine
737,03720,The Guardian
2376,03720,Freedom of speech
1683,03720,Surfmen
2556,03720,SS Pendleton
1891,03720,Holliday Grainger
2010,03721,Never Let Go
373,03721,Coast guard
1186,040,If I Ain't Got You
2754,040,Beast of Burden
726,040,I Don't Want to Miss a Thing
523,040,Aquarium
2588,040,Kevin Gates
772,040,Milky Chance
536,040,The Rolling Stones
290,040,My President
2167,040,Nick Gilder
2338,040,Camille Saint-Saëns
1912,040,Buttons
2039,040,Too Cool for School
1488,040,We Still Here
293,040,ASAP Rocky
2741,040,Donna Summer
1120,040,Wiz Khalifa
1495,040,Alibis
834,040,Are You with Me
405,040,Jimmy Fallon
1372,040,Victor's Piano Solo
1316,040,Take Me to Church
750,040,Redbone
2664,040,Young De
151,040,Nelly Furtado
2209,040,Love to Love You Baby
1578,040,Fifty Shades of Grey
378,040,Cali Cleve
253,040,Dizzy Wright
1178,040,DJ Turn It Up
562,040,Promiscuous
57,040,Yo Gotti
1229,040,Tracy Lawrence
1226,040,Shake It
1977,040,Lodi Dodi
1223,040,Alicia Keys
1173,040,The Tonight Show Starring Jimmy Fallon
1536,040,Foreign
866,040,Aerosmith
1927,040,Tory Lanez
1586,040,Bad
2574,040,Jimmy Kimmel
1617,040,Tiara Thomas
2023,040,A Horse with No Name
518,040,New Kids on the Block
139,040,Phoenix
1614,040,Donald Glover
1246,040,Drake
2206,040,"Tyler, The Creator"
547,040,Trey Songz
1001,040,Puppy
2019,040,Metro Station
551,040,The Tonight Show
598,040,Shy Glizzy
1949,040,Bones
1595,040,Easton Corbin
1605,040,Waiting
1616,040,Vance Joy
610,040,Hashtag
1481,040,1901
1731,040,Fountains of Wayne
1740,040,Hot Child in the City
309,040,PARTYNEXTDOOR
1849,040,Long Black Train
2684,040,Migos
2130,040,Big K.R.I.T.
335,040,La Di Da Di
486,040,A Horse With No Name
2126,040,Sweatpants
1987,040,Corpse Bride
2266,040,Chris Stapleton
1763,040,Riptide
2073,040,Take Me To Church
439,040,From Eden
980,040,Tennessee Whiskey
315,040,Work Song
2078,040,Hozier
475,040,Thug Motivation 103: Hustlerz Ambition
978,040,Bad (Remix) featuring Rihanna
2083,040,The Weeknd
2619,040,The Pierces
460,040,Secret
327,040,Wonderful Tonight
324,040,Promises
2617,040,"1, 2 Step"
2093,040,G-Eazy
81,040,Ciara
1022,040,The Pussycat Dolls
1078,040,Yellow Claw
1839,040,Play That Funky Music
1702,040,Young Jeezy
1709,040,Eric Clapton
2146,040,America
1152,040,Stolen Dance
2725,040,Wale
2596,040,Josh Turner
421,040,Are You With Me
1698,040,Remix
513,040,Chance the Rapper
2722,040,Remember You
1882,040,Trust Issues
1697,040,Wild Cherry
1018,040,Practical joke
1477,041,Me So Horny
966,041,Rock and Roll Hall of Fame
1889,041,Thug Life
2292,041,Deep Purple
924,041,Harlan Ellison
2065,041,Rémi Gaillard
2042,041,2 Live Crew
1853,041,Humour
349,041,Snoop Dogg
2768,042,Phil Wickham
96,042,Piano
1090,042,How Great Is Our God
26,042,Chris Tomlin
102,0500,Washington Wizards
1025,0500,Godzilla
329,0500,Iraqi Army
1230,0500,Bakken pipeline
1196,0500,United States Army Airborne School
236,0500,The Big Picture
2224,0500,Panzer Kaserne
2531,0500,Field artillery
2128,0500,Opposing force
238,0500,Horn
301,0500,The Army Goes Rolling Along
93,0500,1st Armored Division
91,0500,Firefighter
1992,0500,Captain
2234,0500,M8 Armored Gun System
1175,0500,Basketball
2140,0500,Chief of Staff of the United States Army
2036,0500,H. Robert Reynolds
2160,0500,Dwayne Johnson
1051,0500,People's Army of Vietnam
2646,0500,CrossFit
2260,0500,United States military occupation code
2129,0500,MGR-1 Honest John
1202,0500,Bremerhaven
753,0500,Mark A. Milley
798,0500,Military Police Corps
770,0500,United States Army Human Resources Command
2018,0500,SIG Sauer P320
1012,0500,Heavy hauler
2537,0500,Combat Vehicle 90
2549,0500,Stolen Valor Act of 2013
67,0500,Box truck
1029,0500,Bell OH-58 Kiowa
2202,0500,Footage
2262,0500,Philippine Marine Corps
2113,0500,1st Special Forces Operational Detachment-Delta
806,0500,Boeing 747
252,0500,Philippine Army
2009,0500,Autonomous car
2108,0500,Desertion
357,0500,Recoilless rifle
2173,0500,U.S. Army Birthdays
1259,0500,United States Army Reserve
107,0500,Army Reserve
108,0500,Project Iceworm
240,0500,Fort Drum
1219,0500,United States Army Africa
1983,0500,Barracks
1694,0500,Sikorsky UH-60 Black Hawk
2423,0500,Assault rifle
613,0500,U.S. Army All-American Marching Band
1160,0500,Army Combat Uniform
1083,0500,Corporal
812,0500,Field Artillery Branch
1068,0500,Fort Wainwright
524,0500,Military helicopter
2665,0500,Fast-roping
21,0500,SIG Sauer
1498,0500,Boeing
1818,0500,Alien invasion
1367,0500,Military police
1923,0500,United States Military Academy
540,0500,Christian Brothers Academy
506,0500,National Museum of the United States Army
1500,0500,Non-commissioned officer
201,0500,United States Army Cyber Command
1707,0500,Polish Armed Forces
1814,0500,Fort Richardson
1811,0500,Chaplain Corps
975,0500,United States Army Physical Fitness Test
1421,0500,Army Combat Shirt
1795,0500,Subliminal stimuli
461,0500,Indian Army
1844,0500,Civil disorder
473,0500,Astronaut
2391,0500,Automatic firearm
656,0500,Carl Gustav recoilless rifle
1171,0500,Ferdinand Marcos
483,0500,Standing Rock Indian Reservation
1749,0500,"Joseph F. Dunford, Jr."
1729,0500,United States Army Europe
46,0500,M110 howitzer
1390,0500,Joint Base Elmendorf–Richardson
1635,0500,Terminal High Altitude Area Defense
398,0500,173rd Airborne Brigade Combat Team
136,0500,Documentary film
1520,0500,United States Army War College
1003,0500,Boeing E-4
596,0500,Cosmetics
1567,0500,Long Range Surveillance
1961,0500,Self-propelled artillery
575,0500,Guerrilla warfare
1098,0500,United States Army Band
581,0500,West Point
1971,0500,Fort Huachuca
2466,0500,Pokémon
1974,0500,Specialist
1089,0500,Bazooka
59,0500,"Godzilla, King of the Monsters!"
1533,0500,United States Army Special Operations Command
2465,0500,M114 155 mm howitzer
561,0500,Military Officer
2763,0500,Military of Senegal
1593,0500,Parachute
557,0500,Ranger tab
2327,0500,Change of command
1941,0500,Combat medic
1932,0500,Stock footage
1946,0500,Little green men
1169,0500,Fort Jackson
1157,0501,United States Cavalry
249,0501,Cavalry scout
2232,0501,Sexual intercourse
1026,0510,I Will Not Bow
1241,0510,Eric Gales
1618,0510,NBA Development League
1540,0510,Wrong Side of Heaven
544,0510,Ultimate Soldier Challenge
12,0510,Yousef Erakat
818,0510,Remember Everything
2254,0510,If I Die Tomorrow
2711,0510,3 Doors Down
2198,0510,American Soldier
2114,0510,United States Army Infantry School
1523,0510,One Station Unit Training
2401,0510,Geocaching
306,0510,Five Finger Death Punch
2425,0510,Stereo Sound Agency
1038,0510,Fort Benning
1210,0510,Toby Keith
2727,0510,BuzzFeed
933,0510,Veterinary physician
1579,0510,Bar
1496,0510,Counter-Strike: Global Offensive
1821,0510,Breaking Benjamin
1886,0510,Fort Leonard Wood
346,0510,Christians in the military
886,0510,Devil Dog
1854,0510,BB gun
58,0510,First to Fight
440,0510,Baghdad
402,0510,Helmet camera
44,0510,When I'm Gone
2397,05110,al-Qaeda
2428,05110,Sound
1102,05110,Fort Sherman
615,05110,Security clearance
1718,05110,STABO
916,05110,Best Ranger Competition
1951,05110,Airsoft
1785,05110,Iván Rodríguez
934,05110,Nicholas Irving
1274,05110,Somalia
394,05110,FN SCAR
1168,05110,Pakistan Rangers
2524,05110,Jungle warfare
1005,05110,Battle of Takur Ghar
2692,05110,Fort Shafter
1556,05110,Battle of Mogadishu
222,05110,Regiment
578,05110,Rangers F.C.
2383,05110,Texas Rangers
2287,051110,SUNY-ESF Ranger School
1760,051110,Female
42,051110,Ranger School
1746,051110,Daniel Southworth
2034,051110,United States Marine Corps Combatant Diver Course
323,051111,United States Army Rangers
2579,051111,Jumpmaster
75,051111,Cross country running
747,051111,75th Ranger Regiment
1607,051111,Cadence
2468,05120,Combat vehicle
1479,05120,Brigade Modernization Command
1908,05120,Sergeant Major of the Army
221,05120,United States Army Training and Doctrine Command
471,05120,David G. Perkins
258,05121,Shaving
1594,05121,Recruitment
1808,05121,24-hour clock
1692,05121,Game of Thrones
984,05122,Matt Redman
705,05122,Itachi Uchiha
1819,05122,"10,000 Reasons (Bless the Lord)"
444,05122,Sasuke Uchiha
45,051230,Recruit training
1430,051230,Britain's Got Talent
807,051230,Active duty
230,051231,Rear admiral
2196,051231,John Kirby
1395,051231,Tang Soo Do
1185,05130,Dubuque Fighting Saints
1613,05130,Best Warrior
1101,05130,Sapper
33,05130,Brigadier general
2219,05130,Hoke County
1803,05130,Combat engineer
1820,05130,Future Soldier
648,05130,Sapper Tab
2580,051310,Civilian
2749,051310,The Salvation Army
2054,051310,Military rank
802,051311,Hazing
1153,051311,LDRSHIP
1457,051311,Posttraumatic stress disorder
2253,051312,United States Army Aviation Branch
677,051312,United States Army Basic Training
2071,051320,United States Navy Physical Readiness Test
1135,051320,Dear John letter
1454,051320,Fort Sill
896,051320,Sick Call
1762,051320,Fort Bliss
109,0513210,Ethnic conflict
1363,0513210,The View
2548,0513211,United States Army
1956,0513211,The U.S. Army All-American Bowl
213,0520,USS Arizona
336,0520,Gulf War
66,0520,Netherlands Marine Corps
550,0520,General Atomics MQ-1 Predator
2270,0520,10th Marine Regiment
698,0520,Mine-clearing line charge
697,0520,Military of Slovenia
1045,0520,Mine countermeasures vessel
146,0520,Mississippi Army National Guard
1028,0520,Forward Operating Base Robinson
1847,0520,Naval Infantry Force
2022,0520,10th Mountain Division
2654,0520,Air assault
2102,0520,Nevada National Guard
913,0520,USS Utah (BB-31)
2354,0520,82nd Airborne Division Artillery
2557,0520,Al-Bukamal
508,0520,Normandy landings
412,0520,Bagram Airfield
2342,0520,Robins Air Force Base
1059,0520,Kirtland Air Force Base
2037,0520,Fort Indiantown Gap
1918,0520,Air Naval Gunfire Liaison Company
1346,05210,A Shau Valley
1317,05210,U.S. 101st Airborne Division
23,05210,101st Combat Aviation Brigade
1978,05210,Dwight D. Eisenhower
1581,05210,Blood on the Risers
1703,05210,Filthy Thirteen
316,05210,502nd Infantry Regiment
1511,05210,"E Company, 506th Infantry Regiment"
790,05210,Fort Campbell
1076,05210,Siege of Bastogne
2069,05210,Documentary
549,05210,Division
442,05211,"Hohenfels, Bavaria"
2522,05211,U.S. Army Airborne
404,05211,Soldier
588,05211,Parachutist Badge
620,05211,Ice climbing
1056,05211,Backstreet Boys
1326,05211,Infantry Branch
1566,05211,Airborne
2156,05211,United States Army Alaska
29,05211,Joint Base Elmendorf-Richardson
180,05211,U.S. 3rd Infantry Division
2640,05211,Weaponology
1415,0522,Training
2082,0522,Space Shuttle
708,0522,Epinal American Cemetery and Memorial
865,0522,"Springfield Armory, Inc."
1975,0522,STS-51-L
2513,0522,USS Green Bay (LPD-20)
414,0522,Space Shuttle Challenger disaster
1148,0522,Chrysler PT Cruiser
1461,0522,Taegukgi
1035,0522,Camp Leatherneck
1411,0522,Gunpowder
2411,0522,Harley-Davidson Motor Company
1515,0522,Harley-Davidson Sportster
176,0522,Tactic
824,0522,HS2000
2115,0522,Micro air vehicle
1778,0522,Zastava M-70
1278,0522,Space Shuttle program
1606,0522,Peshmerga
2149,052300,Camp Atterbury
1478,052300,Camp Blanding
2729,052300,Abseiling
1362,052300,United States Army Air Assault School
963,052300,University of Oklahoma Army ROTC
921,052300,Grafenwöhr
587,052301,Call Me Maybe
27,052301,Military
1040,052301,Carly Rae Jepsen
241,05231,No One Gets Left Behind
1077,05231,Angel
2382,05231,Marinejegerkommandoen
853,05231,Good Day to Die
429,05231,You (Or Somebody Like You)
2678,05231,Forsvarets Spesialkommando
1420,05231,Godsmack
1410,05231,Joint Task Force 2
2185,05231,Montgomery Gentry
2096,05231,Eminem
2180,05231,Where I Come From
989,05232,Harrison Smith
1900,05232,Minnesota Vikings
479,05232,Rapping
973,0530,History
2107,0530,The All-American Rejects
2645,0530,Dana Carvey
580,0530,Joe Esposito
654,0530,School shooting
603,0530,How to be a Man
568,0530,Drinking
1878,0530,Harlem Shake (meme)
1546,0530,Common Core State Standards Initiative
1658,0530,Social justice
2673,0530,You're the Best
2415,0530,Jesus Christ
1973,0530,National Rifle Association
2551,0530,Gives You Hell
912,0530,Paintball
1306,0530,Second Amendment
2179,0531,Gavin McInnes
64,0531,CollegeHumor
1304,054,Alaska Army National Guard
229,054,Wisconsin Army National Guard
1654,054,Guam National Guard
944,054,Bravura
964,054,Texas Army National Guard
2606,054,Delaware Army National Guard
86,054,United States Military Entrance Processing Command
2457,054,Army National Guard
1037,054,Ohio Army National Guard
2647,054,Guam
1637,054,Company (military unit)
214,054,Michigan Army National Guard
888,054,Hawaii Army National Guard
1736,054,Washington Army National Guard
457,0550,AIT Platoon Sergeant
406,0550,Gold Star Mothers Club
116,0550,Somerset Patriots
1712,0550,Pole vault
2345,0550,99th Infantry Division
2355,0550,Kristen Bell
700,0551,Lieutenant general
2479,0551,Industrial Canal
1547,0551,Dredging
1240,0551,United States Army Corps of Engineers
1752,0551,Bulldozer
1508,056,Force-feeding
2316,056,Katumba Wamala
1071,0570,United States military deployments
1137,0570,Military animal
185,0570,No-fly zone
31,0570,National Memorial Day Concert
485,0570,"Jose L. Cuisia, Jr."
646,0570,Military intelligence
1938,0570,"United States presidential election, 2016"
1453,0570,Russian Armed Forces
1940,0570,Yemen
541,0570,Benelli M4
2657,0570,Helicopter
1427,0570,Alaskan Command
1426,0570,United States Navy
1084,0570,Police state
657,0570,Scarborough Shoal
1862,0570,SET News
425,0570,Landing Craft Air Cushion
491,0570,Korean reunification
2742,0570,Ronald Reagan
669,0570,Mossberg 500
193,0570,Operation Atlantic Resolve
197,0570,BigDog
2508,0570,Airborne forces
505,0570,Top Ten
1890,0570,Shotgun
1158,0570,Future Weapons
2350,0570,Iraq
466,0570,Hovercraft
1069,0570,Space warfare
660,0570,Russian aircraft carrier Admiral Kuznetsov
2686,0570,Chris Pratt
629,0570,LRP ration
565,0570,[haven]
2284,0570,Memorial Day
2101,0570,Lee Camp
1055,0570,DF-21
1024,0570,Urban warfare
760,0570,"Meal, Ready-to-Eat"
1197,0570,Military base
342,0570,Show of force
1299,0570,Military exercise
296,0570,Transgender
2150,0570,Okinawa Prefecture
2067,0570,Technology
1953,0570,Artillery
1268,0570,Anti-aircraft warfare
2072,0570,People's Liberation Army
2075,0570,Meatless Monday
362,0570,Boeing AH-64 Apache
2305,0570,FGM-148 Javelin
242,0570,Paratrooper
1541,0570,军人
318,0570,82nd Airborne Division
1060,0570,People's Liberation Army Air Force
281,0570,Off-roading
1532,0570,Rodrigo Duterte
2320,0570,Battlespace
781,0570,Weapon
845,0570,Long-range reconnaissance patrol
2105,0570,Mike Pence
1501,0570,Combat readiness
2000,0570,Zhang Zhaozhong
1126,0571,Firearm
1486,0571,Sandor Clegane
474,0571,Sword
2418,0571,Liquid nitrogen
1984,0572,Russia
1914,0572,Vladimir Putin
2631,0572,Heroin
2759,058,White privilege
2283,058,Adobe Photoshop
2274,06,Sabine Schmitz
801,06,Tesla Model S
1664,06,The Voice
1671,06,Adafruit Industries
1950,06,Toyota 86
1659,06,Ambush
1633,06,Ford Focus
1166,06,Tesla
495,06,Gymkhana
1772,06,BMW M3
110,06,Tupolev Tu-154
2386,06,Car Throttle
805,06,Somebody to Love
2589,06,Tesla Motors
2770,06,First-person view
2176,06,Ken Block
2122,070,Jean-Philippe Rameau
2585,070,Snow
1092,070,Tomb of the Unknowns
2491,070,The Best of Rachmaninoff
2212,070,Grant-Lee Phillips
1756,070,Guard Mounting
1349,070,Euphonium
2109,070,1812 Overture
1965,070,Chamber music
706,070,Czardas
710,070,Ignaz Pleyel
55,070,Lakmé
890,070,Experimental musical instrument
1370,070,"Roman Carnival Overture, Op. 9"
1628,070,Léo Delibes
2644,070,Wexford Festival Opera
2532,070,Marine Corps Base Quantico
1371,070,International Tuba Euphonium Association
1899,070,KEXP-FM
2610,070,Trombone
53,070,Marine Corps Marathon
1112,070,Korovai
1016,070,Parrot
2060,070,Vienna
333,070,Palm Sunday
2677,070,Origami
196,070,Eastern Trombone Workshop
1518,070,African grey parrot
2281,070,Sergei Rachmaninoff
1825,070,Talking bird
2104,070,Clarinet Concerto No.1 in F minor
1802,070,Orangutan
1377,070,Marathon
949,070,New Orleans Mardi Gras
268,0710,Baba Yetu
720,0710,Cavalier Marching Band
1876,0710,Brass quintet
732,0710,Band Day
1852,0710,Concert
384,0710,Stan Kenton
371,0710,Somewhere Over the Rainbow / What a Wonderful World
2721,0710,University of Virginia
2712,0710,Al Franken
2577,0710,Baba yetu
1446,0710,Doug Coombs
1191,0710,University of North Carolina at Chapel Hill
2385,0711,Drummer
1397,0711,Tuba
935,072,This Is Not Happening
209,072,Destiny
1587,072,2004 Democratic National Convention
1909,072,Liberalism
2447,072,Loot Crate
1058,072,Ultimate Fighting Championship
850,072,Islam
1615,072,Doom
2602,072,Cat
297,072,Joey Diaz
285,072,Warrensburg High School
2079,072,Cyberdemon
2454,073,Virginia Railway Express
2171,073,Amtrak
1688,073,Quantico
2621,080,Embraer EMB 314 Super Tucano
883,080,Kadena Air Base
3,080,Langley Field
1,080,Honor guard
140,080,Air Force Officer Training School
2572,080,Phoenix Lights
11,080,24th Special Tactics Squadron
878,080,Lockheed YF-12
961,080,Operation Looking Glass
1007,080,Republic of Korea Air Force
1081,080,Mirage
2715,080,Tropical cyclone
2495,080,Boeing B-47 Stratojet
2710,080,Deborah Lee James
22,080,Long Range Strike Bomber
905,080,Sukhoi PAK FA
977,080,Wargaming
2739,080,Air Force Special Operations Command
2676,080,Air Force Cyber Command (Provisional)
1070,080,United States Air Force Band
2744,080,Military technology
2515,080,La mer
2555,080,Hurricane Hunters
2671,080,66th Rescue Squadron
2658,080,Takeoff
2650,080,F-22 Raptor Demo Team
2477,080,Air Force 1
2755,080,North Korea
2752,080,Mountain Home Air Force Base
586,080,Airbus A400M Atlas
743,080,F-111 Aardvark
2117,080,Air Force Space Command
2116,080,Strategic bomber
1282,080,Reserve Officers' Training Corps
1285,080,Convair F-102 Delta Dagger
1291,080,United States Air Force Tactical Air Control Party
1294,080,Japan Air Self-Defense Force
761,080,Robin Olds
1295,080,Planets beyond Neptune
2053,080,Swedish Air Force
2038,080,Flash mob
2021,080,Nuclear weapon
361,080,General Dynamics F-16 Fighting Falcon
2001,080,EAA AirVenture Oshkosh
713,080,Bob Hoover
2057,080,LGM-30 Minuteman
1980,080,The Wild Blue Yonder
2138,080,McDonnell Douglas F-15E Strike Eagle
1254,080,Air National Guard
267,080,Super Bowl
2227,080,United States Air Force Honor Guard
2226,080,Diego Garcia
269,080,Osan Air Base
2221,080,Joint terminal attack controller
272,080,Ranger Assessment and Selection Program
2139,080,Douglas C-47 Skytrain
1234,080,NATO Days in Ostrava
273,080,Ravi Zacharias
274,080,VC-137C SAM 26000
1239,080,U.S. uniformed services pay grades
2199,080,United States Air Force Thunderbirds
2188,080,Lun-class ekranoplan
1251,080,Moustache
1236,080,Air Force Reserve Officer Training Corps
1225,080,Air Force Academy
1380,080,1996 Croatia USAF CT-43 crash
1393,080,Airman's coin
510,080,Space-Based Infrared System
609,080,RAF Lakenheath
1663,080,Area 51
532,080,Humvee
1657,080,Dassault Mirage 2000
1494,080,Royal International Air Tattoo
1704,080,Intercontinental ballistic missile
533,080,United States Air Force Special Operations Weather Technician
1630,080,Air Force Global Strike Command
602,080,Chief master sergeant of the Air Force
1592,080,International Championship of Collegiate A Cappella
1582,080,Stealth aircraft
1577,080,Pilot
1562,080,Quinn Martin
607,080,Luke Air Force Base
1873,080,Weighted Airman Promotion System
501,080,Major general
1448,080,Indian Air Force
424,080,Vandenberg Air Force Base
1856,080,L. Fletcher Prouty
1848,080,Boeing KC-46 Pegasus
1405,080,McDonnell Douglas F-15 Eagle
433,080,Military aircraft
667,080,Flight training
621,080,Star Wars
1833,080,Kadena
1417,080,Minot Air Force Base
463,080,Air Force Two
1782,080,Experimental Aircraft Association
1436,080,Holloman Air Force Base
1761,080,United States Air Force Pararescue
1757,080,United States Department of the Air Force
1413,080,Flat Earth
1224,080,Mayday
303,080,Flight
1167,080,United States Air Force Security Forces
2409,080,Whiteman Air Force Base
819,080,Claude Debussy
2307,080,Strategic Air Command
2289,080,United States Air Force Combat Control Team
2377,080,Chief of Staff of the United States Air Force
194,080,General Atomics MQ-9 Reaper
187,080,B61 nuclear bomb
2416,080,Song
1193,080,Aerial warfare
1124,080,Next-Generation Bomber
2269,080,Air Force Association
164,080,Lockheed U-2
198,080,Bomb bay
2322,080,Embraer EMB 312 Tucano
2440,080,Ground effect vehicle
2323,080,Lockheed SR-71 Blackbird
1156,080,Beechcraft T-6 Texan II
2349,080,Boeing B-17 Flying Fortress
839,080,Dassault Rafale
2445,080,Special forces
810,080,Panavia Tornado
2388,0810,Roadkill Christmas (Bubba J)
986,0810,Jeff Dunham
2148,0810,British English
1871,0810,Jared Leto
1937,0810,AFL Grand Final
2166,0810,Airman
2118,0810,Hiking
1073,0810,Lukas Graham
662,0810,2015 AFL Grand Final
703,0810,Institute of technology
635,0810,Superhero
137,0810,Shooting range
2244,0810,Achmed the Dead Terrorist
1108,0810,Cello
1649,0810,Connor Franta
612,0810,Marcus Butler
2569,0810,Air force
1812,0810,Australian rules football
2494,0810,Australian Football League
809,0811,Skate It
126,0811,Skateboarding
2084,0811,Mountain Dew
1424,0811,Hamburger
1845,0811,Fan mail
1723,0811,Call of Duty: Black Ops III
2100,0811,Video blog
392,0811,Water
1738,0811,Gym
2536,0811,Thailand
2586,0811,Wisdom tooth
1966,0811,Camp Courtney
2670,0811,Skateboard
101,0811,Somatropin
343,08120,Aeromedical Evacuation
368,08120,Technical school
1008,08120,Lackland Air Force Base
2632,08120,Royal Air Force Police
1216,08120,Boxing
1408,08120,Staff sergeant
2092,08120,SeaWorld San Antonio
1416,08121,Airman's Creed
537,08121,Monty Oum
2400,08121,Pencil
246,08121,Autonomous sensory meridian response
2272,08121,United States Air Force Basic Military Training
2123,08121,Dixon Ticonderoga Company
941,082,Philippines Department of National Defense
723,082,DotNetNuke
2554,082,United States Department of Defense
1650,082,Aircraft
2394,082,Air Force One
2483,082,QlikTech
2189,082,Martial law
1828,082,Torture
714,082,House Permanent Select Committee on Intelligence
1866,082,Bell Boeing V-22 Osprey
445,082,Military budget of the United States
1934,082,United States Secretary of the Air Force
1263,082,Democracy Now!
385,082,Defense Language Institute
889,082,United States Department of Defense Education Activity
952,082,D.O.D.
256,082,Ammunition
2493,082,Ashton Carter
2182,082,Military of Latvia
1591,082,Manohar Parrikar
2183,082,United States Secretary of Defense
1539,082,Syria
2097,082,Australian Department of Defence
2507,082,The Pentagon
2546,082,White-tailed deer
1622,082,Tiltrotor
481,0830,Bad Lip Reading
882,0830,Late-night talk show
822,0830,Last Train to Clarksville
1129,0830,Billy Joel
80,0830,"Lullabye (Goodnight, My Angel)"
1915,0830,Cadet Ice Arena
1245,0830,William H. McRaven
1485,0830,Hewlett-Packard
1332,0830,The Monkees
774,0830,Huma Abedin
169,0830,Lullabye
143,0830,Dell
811,0830,Captain Noah and His Magical Ark
2249,0830,United States Air Force Academy
1132,0830,Bruce Springsteen
2437,0830,Gliding
1348,0830,Mark Welsh
1754,0830,Wing Bowl
1074,0831,Colt Delta Elite
2582,0831,Bangkok
2703,0831,Dogs in warfare
2319,0831,Khobar Towers bombing
678,0831,Gun safety
366,0831,DayZ
1265,0831,Muzzle
1155,0831,Muzzle brake
2713,0831,Sheet metal
2243,0831,M60 machine gun
564,0831,McDonnell Douglas F-4 Phantom II
1208,0831,Working dog
752,0831,Gewehr 43
218,08320,Cheyenne Mountain nuclear bunker
490,08320,Lafayette Escadrille
2285,08320,Cheyenne Mountain massif
1684,08320,William F. Weld
310,08320,Penn Jillette
948,08321,AGM-86 ALCM
2326,08321,Enola Gay
1572,08321,Convair B-36 Peacemaker
1744,08322,Volkswagen Beetle
1644,08322,Volkswagen
85,08322,Encyclopedia Dramatica
1832,08322,God
307,08322,Volkswagen Passenger Cars
867,08323,1st Special Operations Wing
1144,08323,Leg raise
410,08323,Moody Air Force Base
98,083240,Combatives
2076,083240,Kunsan Air Base
2321,083240,Arsenal
1799,0832410,Chris Kyle
2505,0832410,United States Air Force
2612,0832410,American Sniper: The Autobiography of the Most Lethal Sniper in U.S. Military History
2356,0832411,Cyber Monday
569,0832411,School
331,0833,Gymnastics
129,0833,United States Air Force Academy Preparatory School
1693,0833,"Air Force Academy, Dundigul"
1188,0833,Korea Air Force Academy
838,0840,Alenia C-27J Spartan
1507,0840,Anti-tank missile
2315,0840,Gunship
1034,0840,Aero Spacelines Super Guppy
2358,0840,Desert Tactical Arms Stealth Recon Scout
376,0840,155mm
2159,0840,Syrian Army
1679,0840,L118 light gun
1131,0840,Aleppo
372,0840,M109 howitzer
298,0840,Armoured vehicle-launched bridge
504,0840,LAV-25
2633,0840,Aero Spacelines
2280,0840,Rockwell B-1 Lancer
111,0840,Armoured fighting vehicle
1998,0840,PAVE
2369,0840,Multiple rocket launcher
666,0840,Alenia Aeronautica
189,0840,Boeing C-17 Globemaster III
1374,0840,Rocket launcher
1176,0840,Aerial refueling
1838,0840,M60 Patton
821,0840,Boeing B-52 Stratofortress
1874,0840,Haubits FH77
280,0840,Battle of Aleppo
1930,0840,Anti-tank warfare
2705,0840,Denel Rooivalk
917,0840,Northrop Grumman B-2 Spirit
1936,0840,North American XB-70 Valkyrie
653,0840,Infantry fighting vehicle
2055,0840,M119 howitzer
1061,0840,Rheinmetall KZO
721,0841,Lockheed AC-130
1560,0841,Assault Breacher Vehicle
606,0841,High-speed craft
1052,0841,Saab JAS 39 Gripen
1632,0841,Military transport aircraft
925,0841,Challenger 2
2013,0841,Boeing E-3 Sentry
207,0841,Bradley Fighting Vehicle
1580,0841,Fairchild Republic A-10 Thunderbolt II
1526,0841,JCB HMEE
2025,0841,U.S. Naval Base Pearl Harbor
2604,0841,Joint Unmanned Combat Air Systems
1705,0841,Heavy machine gun
132,0841,MD Helicopters MD 500
2504,0841,Leopard 2
47,0841,Lockheed Martin KC-130
1885,0841,Lockheed Martin F-22 Raptor
413,0841,M60 AVLB
1042,0841,M1128 Mobile Gun System
2309,0841,Main battle tank
477,0841,Sikorsky HH-60 Pave Hawk
1260,0841,Eurofighter Typhoon
1328,0841,Active Denial System
30,0841,Stryker
382,0841,Armoured warfare
152,0841,Lockheed Corporation
28,0841,Lockheed Martin F-35 Lightning II
2562,0841,Bomber
627,0841,VTOL
1870,0841,Boeing KC-135 Stratotanker
712,0841,Lockheed HC-130
1996,0841,Utility helicopter
1969,09,The Amity Affliction
771,09,Differences
1165,09,Candlebox
1916,09,Puddle of Mudd
863,09,Blurry
2581,09,Beat
1665,09,Far Behind
786,09,New Jalpaiguri railway station
308,09,Ginuwine
1198,09,Death's Head
