,count,topic
0,1186,US Marines
1,1014,United States Navy
2,990,Recruit training
3,968,United States Navy SEALs
4,941,Military
5,929,Donald Trump
6,856,Helicopter
7,837,United States Armed Forces
8,831,Lockheed Martin F-35 Lightning II
9,812,United States Air Force
10,705,Bell Boeing V-22 Osprey
11,668,United States Army
12,662,Military cadence
13,654,Fighter aircraft
14,650,Aircraft
15,649,Army
16,646,Stolen Valor Act of 2013
17,645,Unmanned aerial vehicle
18,605,Don Shipley
19,588,Special Forces
20,564,United States Marine Corps Recruit Training
21,542,Tank
22,509,The Star-Spangled Banner
23,503,Parachuting
24,501,Missile
25,495,Drill instructor
26,490,M1 Abrams
27,478,Army Black Knights football
28,466,"""The President's Own"" United States Marine Band"
29,466,Islamic State of Iraq and the Levant
30,460,United States Navy SEAL selection and training
31,457,Special forces
32,454,United States Coast Guard
33,448,Soldier
34,443,USS Boxer (LHD-4)
35,439,Live fire exercise
36,438,Marines
37,432,Exercise RIMPAC
38,429,Marine Corps Recruit Depot Parris Island
39,427,Lockheed C-130 Hercules
40,413,Cargo aircraft
41,413,Stolen Valor: How the Vietnam Generation Was Robbed of its Heroes and its History
42,406,Marines' Hymn
43,405,Musical ensemble
44,401,Special warfare combatant-craft crewmen
45,392,Navy of the Army of the Guardians of the Islamic Revolution
46,390,Weapon
47,382,Sniper
48,381,HIMARS
49,380,Northrop Grumman X-47B
50,380,Tiltrotor
51,380,Air Force Falcons football
52,377,Landing
53,377,United States Marine Corps Forces Special Operations Command
54,373,War in Afghanistan (2001–present)
55,373,Russian Air Force
56,370,The Young Turks
57,368,Red Flag exercise
58,365,United States Army Basic Training
59,365,Roblox
60,363,Helocast
61,363,Boeing C-17 Globemaster III
62,360,United States Army Rangers
63,359,RIM-116 Rolling Airframe Missile
64,355,United States Marine Corps Force Reconnaissance
65,354,Drill team
66,354,Lockheed C-5 Galaxy
67,354,Navy
68,353,Medal of Honor
69,351,USS Wasp
70,351,United States presidential inauguration
71,346,Attack helicopter
72,345,Korea
73,345,Aircraft carrier
74,342,Airborne forces
75,335,"Recruit Training Command, Great Lakes, Illinois"
76,335,M777 howitzer
77,334,Ammunition
78,334,World War III
79,333,Machine gun
80,330,Air force
81,327,Submarine
82,326,United States Marine Corps School of Infantry
83,326,World War I
84,325,Marcus Luttrell
85,322,Boeing AH-64 Apache
86,321,James Mattis
87,319,Firearm
88,317,Bell UH-1Y Venom
89,313,Navy Midshipmen football
90,312,Howitzer
91,306,Humvee
92,303,Army–Navy Game
93,302,Railgun
94,302,Unidentified flying object
95,300,Music
96,298,SEAL Team Six
97,298,Boeing B-52 Stratofortress
98,297,Aerial refueling
99,297,Armed forces
100,296,Attack on Pearl Harbor
101,295,"Donald Trump presidential campaign, 2016"
102,293,Sikorsky CH-53E Super Stallion
103,293,Artillery
104,291,Cosmetics
105,291,Veteran
106,291,Military robot
107,290,USS Zumwalt (DDG-1000)
108,290,Zumwalt class destroyer
109,290,USS Dwight D. Eisenhower
110,290,United States Marine Corps Light Armored Reconnaissance
111,289,Ranger School
112,289,Russian Armed Forces
113,288,Japan Coast Guard Academy
114,288,Reconnaissance
115,288,United States Coast Guard Academy
116,287,Lieutenant
117,286,Glock
118,285,Ship
119,285,Boat
120,285,Amphibious assault ship
121,285,Wasp-class amphibious assault ship
122,284,Operation Red Wings
123,284,Knife
124,283,Fort Benning
125,282,75th Ranger Regiment
126,281,Red Cell
127,281,Piracy in Somalia
128,280,McDonnell Douglas F/A-18 Hornet
129,280,United States Air Force Combat Control Team
130,279,SIG Sauer
131,279,Motorcycle
132,278,Officer Candidates School
133,276,United States Marine Corps Physical Fitness Test
134,274,Adam Driver
135,273,Physical exercise
136,273,Marine Corps Recruit Depot San Diego
137,272,USS George H.W. Bush
138,272,United States Air Force Basic Military Training
139,272,Littoral combat ship
140,272,USS Freedom
141,272,M270 Multiple Launch Rocket System
142,272,Boeing F/A-18E/F Super Hornet
143,272,Officer Candidate School
144,272,United States Military Academy
145,268,United States Air Force Academy
146,267,Military police
147,266,Orchestra
148,265,Dog
149,264,United States of America
150,263,USS Makin Island (LHD-8)
151,263,USS Ronald Reagan (CVN-76)
152,263,United States Navy Band
153,263,USS Fort Worth (LCS-3)
154,263,Exercise Valiant Shield
155,262,News
156,262,Battle of Iwo Jima
157,261,Rifle
158,260,Gerard Butler
159,259,Video blog
160,258,Practical joke
161,257,5th Marine Regiment
162,257,Fourragère
163,257,General Dynamics F-16 Fighting Falcon
164,256,Military aircraft
165,256,Military technology
166,255,Rockwell B-1 Lancer
167,255,Bomber
168,255,Lockheed AC-130
169,255,Boeing KC-135 Stratotanker
170,255,Gunship
171,253,Concert band
172,253,John Philip Sousa
173,252,United States Navy EOD
174,252,Ranger Assessment and Selection Program
175,251,Sikorsky UH-60 Black Hawk
176,251,Marine Corps Base Camp Pendleton
177,251,United States Marine Corps Scout Sniper
178,250,Nautical fiction
179,249,Boeing CH-47 Chinook
180,249,Martial arts
181,249,Bell OH-58 Kiowa
182,249,Bell AH-1Z Viper
183,249,Bell AH-1 Cobra
184,248,Paratrooper
185,247,National Guard of the United States
186,246,Reserve Officers' Training Corps
187,246,Destroyer
188,246,Assault Amphibious Vehicle
189,245,Bureau of Diplomatic Security
190,244,United States Air Force Pararescue
191,242,Blue Angels
192,240,Johannes Hanssen
193,240,Flight
194,240,Valdres
195,239,Military deployment
196,239,Fairchild Republic A-10 Thunderbolt II
197,238,Master Chief Petty Officer of the Navy
198,238,Hillary Rodham Clinton
199,237,Chicago Air & Water Show
200,236,Republic of Korea Marine Corps
201,236,USS Bonhomme Richard (LHD-6)
202,235,Mortar
203,234,Honor guard
204,233,Democratic National Convention
205,233,2016 Democratic National Convention
206,232,USS George Washington (CVN-73)
207,231,"Visit, board, search, and seizure"
208,231,Dickin Medal
209,231,Lockheed Martin F-22 Raptor
210,229,3rd Battalion 2nd Marines
211,229,24th Marine Expeditionary Unit
212,229,United States Marine Corps Warfighting Laboratory
213,229,11th Marine Expeditionary Unit
214,228,Airman
215,228,United States Navy Reserve
216,228,United States Navy officer rank insignia
217,226,Hovercraft
218,225,Vietnam War
219,225,Documentary film
220,224,Tropical cyclone
221,224,Marching band
222,224,USS Ohio
223,223,Osan Air Base
224,223,Embraer EMB 314 Super Tucano
225,223,Terminal Lance
226,223,Surviving the Cut
227,222,Tomahawk
228,221,EAA AirVenture Oshkosh
229,221,Staff sergeant
230,220,The Wild Blue Yonder
231,220,Northrop Grumman B-2 Spirit
232,220,Taps
233,219,United States Fifth Fleet
234,219,Ballistic missile submarine
235,219,Russian Navy
236,219,USS Coronado (LCS-4)
237,219,Baltic Sea
238,219,Mary Greeley Medical Center
239,219,Freedom-class littoral combat ship
240,219,M80 Stiletto
241,219,Louie Gohmert
242,219,Jet aircraft
243,219,USS Independence (LCS-2)
244,219,USS Carl Vinson (CVN-70)
245,219,USS Normandy (CG-60)
246,219,Torpedo
247,219,USS Gerald R. Ford
248,219,Target ship
249,219,EgyptAir
250,219,Sergey Gorshkov
251,219,Russian Civil War
252,219,Ship commissioning
253,219,USS Pueblo (AGER-2)
254,219,Pearl Harbor Survivors Association
255,219,Fighter pilot
256,219,USS Antietam (CG-54)
257,219,USS New Jersey
258,219,Aircraft emergency frequency
259,219,Stealth ship
260,219,Underway replenishment
261,219,Flypast
262,219,Warning shot
263,219,Royal Navy
264,219,Independence Day
265,219,USS Antietam
266,219,USS Benfold (DDG-65)
267,219,Close-in weapon system
268,219,Dock landing ship
269,219,John Hutson
270,219,The Bowery Boys
271,219,USS Hartford (SSN-768)
272,219,USS Constitution
273,219,USS Nitze (DDG-94)
274,219,Naval ship
275,219,USS Santa Fe (SSN-763)
276,219,Iran
277,219,Fordham Rams football
278,219,USS Pinckney (DDG-91)
279,219,Laser Weapon System
280,219,K-141 Kursk
281,219,Trident
282,219,GE Aviation
283,219,Persian Gulf
284,219,Arleigh Burke-class destroyer
285,219,Naval Air Station Lemoore
286,219,The Battle of Midway
287,219,3D computer graphics
288,219,Republic of Vietnam Military Forces
289,219,United States Marine Corps Aviation
290,219,USS Donald Cook (DDG-75)
291,219,Attack submarine
292,219,Boeing P-8 Poseidon
293,219,Uniforms of the United States Navy
294,219,Cruise missile submarine
295,219,Littoral-combat ship
296,219,USS John C. Stennis
297,219,Tugboat
298,219,Flight operations quality assurance
299,219,USS John P. Murtha
300,219,People's Liberation Army Navy
301,219,United States Ship
302,219,Army of the Guardians of the Islamic Revolution
303,219,Los Angeles class submarine
304,219,USS Mason (DDG-87)
305,219,Undercover Boss
306,219,Pharmacy
307,219,Battleship
308,219,Navy Midshipmen
309,219,Islamic Republic of Iran Navy
310,219,Operation Inherent Resolve
311,219,Strait of Hormuz
312,219,USS Sioux City (LCS-11)
313,219,USS Enterprise (CVN-65)
314,219,Frigate
315,219,Amphibious warfare ship
316,219,Nuclear submarine
317,219,Patrol boat
318,219,USS Gabrielle Giffords
319,219,Republic of Vietnam Navy
320,219,USS Porter (DDG-78)
321,219,Republic of Korea Navy
322,219,Huntz Hall
323,219,Iowa-class battleship
324,219,Dana Loesch
325,219,EV Nautilus
326,219,Midget submarine
327,219,Cooking
328,219,USS America (LHA-6)
329,219,Sovremenniy-class destroyer
330,219,Sukhoi Su-24
331,219,Lockheed P-3 Orion
332,219,USS Iowa (BB-61)
333,219,USS Independence (CVL-22)
334,219,USS John S. McCain
335,219,USS Harry S. Truman
336,219,Hygiene
337,219,USS Philippine Sea
338,219,Harpoon
339,219,Paul Begley
340,219,Warship
341,219,Long Range Anti-Ship Missile
342,219,Carrier strike group
343,219,United States naval aviator
344,219,Arresting gear
345,219,USS Thach (FFG-43)
346,219,Ronald Reagan Ballistic Missile Defense Test Site
347,219,Talwar-class frigate
348,219,Naval Base Kitsap
349,219,South China Sea
350,219,December 7th
351,219,Supercarrier
352,219,Ceremonial Guard
353,219,USS Nimitz (CVN-68)
354,219,Guided missile destroyer
355,219,USS America
356,219,2007 Blue Angels South Carolina crash
357,219,USS Theodore Roosevelt (CVN-71)
358,219,USS Enterprise
359,219,Neyland Stadium
360,219,Wrestling
361,218,Pugil stick
362,217,Marine Corps Martial Arts Program
363,216,Military Officer
364,216,Israel Defense Forces
365,216,Full Metal Jacket
366,213,The Stars and Stripes Forever
367,213,"Washington, D.C."
368,213,Molly on the Shore
369,213,Percy Grainger
370,213,Tokyo Kosei Wind Orchestra
371,213,United States Air Force Band
372,213,Lincolnshire Posy
373,212,SIG Sauer P320
374,211,United States Air Force Thunderbirds
375,211,M16 rifle
376,210,Marine Combat Instructor of Water Survival
377,210,Modest Petrovich Mussorgsky
378,209,Anchors Aweigh
379,208,I Marine Expeditionary Force
380,208,1st Special Forces Operational Detachment-Delta
381,208,Air Force Academy
382,208,World War II
383,208,Marine Expeditionary Force
384,207,Fife
385,206,Fallujah
386,205,Fort Leonard Wood
387,205,United States Army Band
388,205,Marine Raiders
389,205,Imperial Japanese Army
390,204,John Williams
391,204,Air Force One
392,204,United States Secretary of the Air Force
393,203,Stars and Stripes
394,203,Marine Corps Base Camp Lejeune
395,202,Delayed Entry Program
396,202,Marine
397,201,First Amendment to the United States Constitution
398,200,Piece Concertante
399,200,The Liberty Bell
400,200,National Fencibles
401,200,A Visit from St. Nicholas
402,200,"Coronation March, ""Crown Imperial"""
403,200,Stars In A Velvety Sky
404,200,March of the Women Marines
405,200,L'Apothéose (Symphonie funèbre et triomphale)
406,200,Badenweiler Marsch
407,200,Cobra Gold
408,200,Ron Nelson
409,200,Riders for the Flag
410,200,Slow March
411,200,Symphony No. 3
412,200,The Many Moods of Christmas
413,200,Scherzo for Band
414,200,Classical music
415,200,Crown Imperial
416,200,Ancient and Honorable Artillery Company of Massachusetts
417,200,The Gridiron Club March
418,200,The Battle Hymn of the Republic
419,200,Herbert L. Clarke
420,200,Sound Off
421,200,La forza del destino
422,200,National anthem
423,200,Spin Cycle
424,200,Aaron Copland
425,200,The Royal Welsh Fusiliers
426,200,First Suite in E-flat for Military Band
427,200,"Serenade for Winds, op. 7"
428,200,Second Regiment Connecticut
429,200,Timothy W. Foley
430,200,Yorktown Centennial
431,200,Ludwig van Beethoven
432,200,San Lorenzo
433,200,Charles Ives
434,200,Easter Monday on the White House Lawn
435,200,Hail to the Spirit of Liberty
436,200,Festmusik Der Stadt Wien
437,200,Benjamin Britten
438,200,Passacaglia: Homage on B-A-C-H
439,200,March of the Steelmen
440,200,Edwin Eugene Bagley
441,200,Morton Gould
442,200,Galop: On Wings of Lightning
443,200,Symphony in B-flat for Band
444,200,Hector Berlioz
445,200,United States Marine Corps birthday ball
446,200,Suite no. 1 in E-flat: Intermezzo
447,200,The Rifle Regiment
448,200,Andrea Chénier
449,200,With Pleasure
450,200,"Believe Me, if All Those Endearing Young Charms"
451,200,The White Cockade
452,200,Commando March
453,200,"La Fiesta Mexicana: Carnival (1987, conducted by John R. Bourgeois)"
454,200,"March, ""Semper Fidelis"""
455,200,Wagner-Werk-Verzeichnis
456,200,Semper Fidelis
457,200,"Toccata and Fugue in D minor, BWV 565"
458,200,English Folk Song Suite
459,200,Richard Wagner
460,200,New York Hippodrome
461,200,Symphony
462,200,La Fiesta Mexicana: II. Mass
463,200,La Fiesta Mexicana: I. Prelude and Aztec Dance
464,200,Thoughts of Love
465,200,Esprit de corps
466,200,Polonaise
467,200,The Circus Band
468,200,Air Force 1
469,200,Manhattan Beach
470,200,"Festive Overture, op. 96"
471,200,"Symphony for Band, West Point: Marches"
472,200,The Charlatan Waltzes
473,200,Elsa's Procession To The Cathedral From Lohengrin
474,200,Vientos Y Tangos
475,200,Paul Hindemith
476,200,The National Game
477,200,Valdres March
478,200,The Gridiron Club
479,200,George Washington Bicentennial
480,200,March for Military Band
481,200,The Black Horse Troop
482,200,Ruffles and flourishes
483,200,Overture to La forza del destino
484,200,George Washington Bridge
485,200,"Tone Poem, Mannin Veen"
486,200,Overture To William Tell
487,200,Old Comrades
488,200,The Washington Post
489,200,Finale from Symphony no. 2
490,200,"Suite algérienne, op. 60: IV. Marche militaire française"
491,200,"Children's March: ""Over the Hills and Far Away"""
492,200,Serenade for Winds
493,200,The Rose Parade
494,200,Badinerie
495,200,My Bonny Boy
496,200,Polonaises Op. 40
497,200,The Boys of the Old Brigade
498,200,Chimes of Liberty
499,200,The Gallant Seventh
500,200,Ride of the Valkyries
501,200,The Loyal Legion
502,200,Entry March of the Boyares
503,200,Ralph Vaughan Williams
504,200,Simone Mantia
505,200,Henry Fillmore
506,200,Kansas Wildcats
507,200,Funeral march
508,200,Scott Lindroth
509,200,Pyotr Ilyich Tchaikovsky
510,200,A Night on the Bare Mountain
511,200,"Annie Laurie (1965, feat. James Erdman, trombone)"
512,200,The Fairest of the Fair
513,200,Toccata marziale
514,200,Symphonic Metamorphosis of Themes by Carl Maria von Weber
515,200,National Emblem
516,200,William Bolcom
517,200,King Cotton
518,200,Warren Benson
519,200,Song of the Marines
520,200,Man Of The Hour
521,200,Gloriana: Courtly Dances
522,200,Symphony No.3
523,200,Symphony No. 4
524,200,The Armed Forces Medley
525,200,El Capitan
526,200,The Charlatan
527,200,Pablo de Sarasate
528,200,Country Band March
529,200,Daughters of Texas
530,200,Reveille
531,200,Adjutant's Call
532,200,La forza del destino: Overture
533,200,Walter Piston
534,200,Richard Strauss
535,200,Children's March
536,200,Vasily Kalinnikov
537,200,Dance of the Jesters from The Snow Maiden
538,200,Michael Gandolfi
539,200,Carl Teike
540,200,"Symphony for Band, West Point: Epitaphs"
541,200,Andreas Makris
542,200,Aegean Festival Overture
543,200,Hands Across the Sea
544,200,William Walton
545,200,Waltzing Matilda
546,200,The Invincible Eagle
547,200,Gustav Holst
548,200,San Lorenzo march
549,200,Johann Sebastian Bach
550,200,Requiem
551,200,The Occidental
552,200,Sleigh Ride
553,200,The Chimes of Liberty
554,200,Toccata Marziale
555,200,symphony
556,200,Hail to the Chief
557,200,"Siegfried"" Fantasie"
558,200,Die Walküre
559,200,H. Owen Reed
560,200,Mark Camphouse
561,200,The Bride Elect March
562,200,Royal Welch Fusiliers
563,200,The Thunderer
564,200,Flags of Freedom
565,200,Samuel Barber
566,200,Gioacchino Rossini
567,200,Foshay Tower Washington Memorial
568,200,God of Our Fathers
569,200,Gordon Jacob
570,200,Ride of the Valkyries from Die Walküre
571,200,Purple Pageant
572,200,Karel Husa
573,200,Revelation March
574,200,Entry March of the Boyars
575,199,Barack Obama
576,199,Second Battle of Fallujah
577,198,Marine Special Operations Regiment
578,198,Semper fidelis
579,198,Camp Gonsalves
580,197,Little green men
581,197,Train
582,196,M4 carbine
583,195,Yellow ribbon
584,195,Marine Corps Logistics Base Albany
585,195,3rd Battalion 5th Marines
586,194,Air Force Special Operations Command
587,194,Marja
588,193,24th Special Tactics Squadron
589,192,Barracks
590,192,Mark Welsh
591,191,Weighted Airman Promotion System
592,190,United States military occupation code
593,190,HMH-463
594,189,Sergeant Reckless
595,189,Royal Australian Infantry Corps
596,189,CNN Student News
597,189,Helicopter support team
598,189,Sikorsky SH-3 Sea King
599,189,Marine One
600,189,Bell AH-1 SuperCobra
601,189,Action figure
602,189,Nerf
603,189,Infantry Immersion Trainer
604,189,President of the United States
605,189,Commando
606,189,Twentynine Palms
607,189,Order of battle
608,189,Rocket
609,189,Jeffrey Shih
610,189,Air Force Officer Training School
611,189,Commando Training Centre Royal Marines
612,189,Letters From Home
613,189,Telemark Battalion
614,189,Angkatan Bersenjata Republik Korea
615,189,Dignified Transfer
616,189,Camouflage
617,189,Flags of the Confederate States of America
618,189,Marine Corps Air Station Beaufort
619,189,Black Sea Rotational Force
620,189,General Orders for Sentries
621,189,Sikorsky CH-53 Sea Stallion
622,189,HMX-1
623,189,Magpul Industries
624,189,Battle of Tarawa
625,189,California Department of Forestry and Fire Protection
626,189,With the Marines at Tarawa
627,189,"United States Marine Corps Forces, Europe"
628,189,United States Department of the Air Force
629,189,Hingham
630,189,1st Tank Battalion
631,189,"Marine Barracks, Washington, D.C."
632,189,The Bible
633,189,VMM-263
634,189,Tattoo
635,189,Uniforms of the United States Marine Corps
636,189,M203 grenade launcher
637,189,Sergeant Major of the Marine Corps
638,189,McDonald's
639,189,M27 Infantry Automatic Rifle
640,189,United States Marine Corps Silent Drill Platoon
641,189,Hand-to-hand combat
642,189,Trump International Hotel and Tower
643,189,French Foreign Legion
644,189,FIM-92 Stinger
645,189,Nerf war
646,189,Robot
647,189,Harrier Jump Jet
648,189,Sikorsky CH-53K King Stallion
649,189,2011 Helmand Province incident
650,189,M2 Browning
651,189,Mountain Warfare Training Center
652,189,Trump Hotel Las Vegas
653,189,Noncommissioned officer's creed
654,189,Robot combat
655,189,Future War
656,189,Schutztruppe
657,189,Raising the Flag on Iwo Jima
658,189,M67 grenade
659,189,Engadget
660,189,Marine Corps Air Ground Combat Center Twentynine Palms
661,189,G.I. Joe
662,189,Soltam K6
663,189,FAMAS
664,189,Weapons company
665,189,Camp Fuji
666,189,Trump Tower Manila
667,189,Cold Response
668,189,Operation Moshtarak
669,189,The Script
670,189,Hall of Fame
671,186,Infantry
672,185,G-Eazy
673,185,Airbus A400M Atlas
674,185,American football
675,183,Holloman Air Force Base
676,183,Takeoff
677,182,Douglas C-47 Skytrain
678,182,Nuclear weapon
679,180,Military helicopter
680,180,"Joseph F. Dunford, Jr."
681,180,Assault rifle
682,180,Okinawa Prefecture
683,180,Boeing
684,178,Footage
685,178,Coast guard
686,178,Stock footage
687,178,West Point
688,176,CrossFit
689,175,North Korea
690,175,United States Air Force Security Forces
691,175,66th Rescue Squadron
692,174,Ranger tab
693,172,Airman's coin
694,172,United States Air Force Tactical Air Control Party
695,171,Air Force Global Strike Command
696,171,Robin Olds
697,170,United States Army Airborne School
698,170,"Meal, Ready-to-Eat"
699,169,Quinn Martin
700,169,United States Air Force Special Operations Weather Technician
701,169,Joint terminal attack controller
702,169,Bernie Sanders
703,168,Air Force Reserve Officer Training Corps
704,168,Boeing KC-46 Pegasus
705,168,Operation Looking Glass
706,168,F-111 Aardvark
707,168,Royal International Air Tattoo
708,168,Intercontinental ballistic missile
709,168,NATO Days in Ostrava
710,168,Flat Earth
711,168,Space-Based Infrared System
712,168,Pilot
713,168,Bob Hoover
714,168,1996 Croatia USAF CT-43 crash
715,168,Song
716,168,United States Air Force Honor Guard
717,168,Air Force Cyber Command (Provisional)
718,168,Strategic Air Command
719,168,RAF Lakenheath
720,168,Experimental Aircraft Association
721,168,B61 nuclear bomb
722,168,Flight training
723,168,Mirage
724,168,Stealth aircraft
725,168,Mayday
726,168,Luke Air Force Base
727,168,Air Force Association
728,168,Mountain Home Air Force Base
729,168,Strategic bomber
730,168,Boeing B-47 Stratojet
731,168,L. Fletcher Prouty
732,168,Whiteman Air Force Base
733,168,La mer
734,168,Phoenix Lights
735,168,Major general
736,168,Republic of Korea Air Force
737,168,Ravi Zacharias
738,168,Lun-class ekranoplan
739,168,International Championship of Collegiate A Cappella
740,168,Long Range Strike Bomber
741,168,Planets beyond Neptune
742,168,Vandenberg Air Force Base
743,168,Swedish Air Force
744,168,Area 51
745,168,Aerial warfare
746,168,Air National Guard
747,168,Boeing B-17 Flying Fortress
748,168,Dassault Rafale
749,168,Ground effect vehicle
750,168,Chief of Staff of the United States Air Force
751,168,Next-Generation Bomber
752,168,Kadena
753,168,Air Force Space Command
754,168,Wargaming
755,168,Moustache
756,168,Bomb bay
757,168,Indian Air Force
758,168,Claude Debussy
759,168,Air Force Two
760,168,F-22 Raptor Demo Team
761,168,Dassault Mirage 2000
762,168,Embraer EMB 312 Tucano
763,168,Convair F-102 Delta Dagger
764,168,Minot Air Force Base
765,168,Lockheed SR-71 Blackbird
766,168,McDonnell Douglas F-15 Eagle
767,168,U.S. uniformed services pay grades
768,168,Langley Field
769,168,Lockheed U-2
770,168,Japan Air Self-Defense Force
771,168,Lockheed YF-12
772,168,Diego Garcia
773,168,McDonnell Douglas F-15E Strike Eagle
774,168,VC-137C SAM 26000
775,168,Deborah Lee James
776,168,Star Wars
777,168,Flash mob
778,168,Panavia Tornado
779,168,Chief master sergeant of the Air Force
780,168,Beechcraft T-6 Texan II
781,168,Kadena Air Base
782,168,Super Bowl
783,168,Sukhoi PAK FA
784,168,General Atomics MQ-9 Reaper
785,168,LGM-30 Minuteman
786,168,Hurricane Hunters
787,167,Lone Survivor
788,167,Army Reserve
789,167,United States Army Reserve
790,166,173rd Airborne Brigade Combat Team
791,165,United States Army War College
792,164,Future Weapons
793,163,H. Robert Reynolds
794,162,Fort Jackson
795,161,Sikorsky HH-60 Pave Hawk
796,159,Admiral
797,158,Bakken pipeline
798,158,The Army Goes Rolling Along
799,157,Field Artillery Branch
800,157,Fort Richardson
801,157,Fort Wainwright
802,156,Basketball
803,155,Alien invasion
804,155,Richard Machowicz
805,155,1st Armored Division
806,154,Standing Rock Indian Reservation
807,153,United States Naval Special Warfare Command
808,153,PAVE
809,153,M119 howitzer
810,152,United States Cavalry
811,152,Cavalry scout
812,151,Military exercise
813,151,Mark A. Milley
814,151,Shotgun
815,151,Chief of Staff of the United States Army
816,151,Captain
817,150,Army Combat Shirt
818,150,U.S. Army All-American Marching Band
819,150,Astronaut
820,150,82nd Airborne Division
821,150,LAV-25
822,149,Pokémon
823,147,Fast-roping
824,147,Opposing force
825,147,Indian Army
826,147,United States Army Africa
827,147,Fort Huachuca
828,147,United States Army Physical Fitness Test
829,147,United States Army Cyber Command
830,147,Military Police Corps
831,147,Fort Drum
832,147,Change of command
833,147,Chaplain Corps
834,147,Ferdinand Marcos
835,147,Field artillery
836,147,Non-commissioned officer
837,147,Combat medic
838,147,Civil disorder
839,147,Autonomous car
840,147,Philippine Marine Corps
841,147,M8 Armored Gun System
842,147,Carl Gustav recoilless rifle
843,147,Box truck
844,147,Parachute
845,147,Long Range Surveillance
846,147,National Museum of the United States Army
847,147,M114 155 mm howitzer
848,147,Horn
849,147,"Godzilla, King of the Monsters!"
850,147,Specialist
851,147,Polish Armed Forces
852,147,United States Army Europe
853,147,Combat Vehicle 90
854,147,Christian Brothers Academy
855,147,Bremerhaven
856,147,People's Army of Vietnam
857,147,Subliminal stimuli
858,147,Philippine Army
859,147,United States Army Special Operations Command
860,147,Joint Base Elmendorf–Richardson
861,147,Washington Wizards
862,147,The Big Picture
863,147,Heavy hauler
864,147,MGR-1 Honest John
865,147,Automatic firearm
866,147,Military of Senegal
867,147,Desertion
868,147,Iraqi Army
869,147,U.S. Army Birthdays
870,147,Terminal High Altitude Area Defense
871,147,Godzilla
872,147,Firefighter
873,147,Bazooka
874,147,M110 howitzer
875,147,Panzer Kaserne
876,147,Boeing E-4
877,147,United States Army Human Resources Command
878,147,Guerrilla warfare
879,147,Recoilless rifle
880,147,Corporal
881,147,Dwayne Johnson
882,147,Self-propelled artillery
883,147,Army Combat Uniform
884,147,Project Iceworm
885,147,Boeing 747
886,144,Syrian civil war
887,143,Puppy
888,137,2nd Marine Division
889,136,Freestyle rap
890,135,Black Lives Matter
891,133,"United States presidential election, 2016"
892,132,PARTYNEXTDOOR
893,132,Long-range reconnaissance patrol
894,129,3rd Light Armored Reconnaissance Battalion
895,129,United States Coast Guard Air Stations
896,128,Ronald Reagan
897,127,The Finest Hours
898,127,1st Reconnaissance Battalion
899,121,GLOCK 19
900,118,United States Coast Guard Cutter
901,118,Serene
902,117,Special Purpose Marine Air-Ground Task Force for Crisis Response
903,117,Okinawa Marine
904,116,God's Gonna Cut You Down
905,116,Armed Services Vocational Aptitude Battery
906,114,Mosul
907,114,Kevin Gates
908,113,Snoop Dogg
909,110,Hand grenade
910,109,The Selection
911,109,Kendrick Lamar
912,109,United States special operations forces
913,107,Joint Unmanned Combat Air Systems
914,107,Anti-tank warfare
915,107,Marine Security Guard
916,107,M60 AVLB
917,107,Death of Osama bin Laden
918,107,Rheinmetall KZO
919,107,Lockheed Martin KC-130
920,107,Armoured vehicle-launched bridge
921,107,Piano
922,107,M60 Patton
923,107,Anti-tank missile
924,107,Armoured fighting vehicle
925,107,Alenia C-27J Spartan
926,107,Osama bin Laden
927,107,Armoured warfare
928,107,Infantry fighting vehicle
929,104,Jimmy Kimmel
930,104,Yellow Claw
931,104,Yo Gotti
932,104,New Kids on the Block
933,104,Aerosmith
934,104,Hozier
935,104,Chris Stapleton
936,104,Young De
937,104,Fountains of Wayne
938,104,Bones
939,104,Donna Summer
940,104,Wonderful Tonight
941,104,Promiscuous
942,104,Metro Station
943,104,Cali Cleve
944,104,Trust Issues
945,104,"Tyler, The Creator"
946,104,Young Jeezy
947,104,Remember You
948,104,Ciara
949,104,Remix
950,104,Take Me to Church
951,104,Shake It
952,104,Stolen Dance
953,104,Play That Funky Music
954,104,The Weeknd
955,104,Camille Saint-Saëns
956,104,Hot Child in the City
957,104,Trey Songz
958,104,Love to Love You Baby
959,104,Corpse Bride
960,104,Milky Chance
961,104,Thug Motivation 103: Hustlerz Ambition
962,104,Lodi Dodi
963,104,My President
964,104,Nick Gilder
965,104,America
966,104,Tory Lanez
967,104,Jimmy Fallon
968,104,Secret
969,104,Easton Corbin
970,104,Bad
971,104,Too Cool for School
972,104,Russia
973,104,Work Song
974,104,Phoenix
975,104,Fifty Shades of Grey
976,104,We Still Here
977,104,Waiting
978,104,The Rolling Stones
979,104,Alibis
980,104,ASAP Rocky
981,104,Buttons
982,104,Shy Glizzy
983,104,Migos
984,104,A Horse With No Name
985,104,Big K.R.I.T.
986,104,Eric Clapton
987,104,Tracy Lawrence
988,104,The Pussycat Dolls
989,104,Wiz Khalifa
990,104,Long Black Train
991,104,Foreign
992,104,1901
993,104,DJ Turn It Up
994,104,Are You With Me
995,104,A Horse with No Name
996,104,Chance the Rapper
997,104,Are You with Me
998,104,If I Ain't Got You
999,104,Aquarium
1000,104,Bad (Remix) featuring Rihanna
1001,104,Take Me To Church
1002,104,Promises
1003,104,Victor's Piano Solo
1004,104,"1, 2 Step"
1005,104,Dizzy Wright
1006,104,Hashtag
1007,104,Nelly Furtado
1008,104,Obstacle course
1009,104,I Don't Want to Miss a Thing
1010,104,Riptide
1011,104,Beast of Burden
1012,104,Wale
1013,104,From Eden
1014,104,Wild Cherry
1015,104,Donald Glover
1016,104,Vance Joy
1017,104,Tennessee Whiskey
1018,104,Tiara Thomas
1019,104,Redbone
1020,104,Drake
1021,104,Alicia Keys
1022,104,Sweatpants
1023,104,Josh Turner
1024,104,The Pierces
1025,104,The Tonight Show
1026,104,The Tonight Show Starring Jimmy Fallon
1027,104,La Di Da Di
1028,103,Mike Pence
1029,103,Bayonet
1030,100,Off-roading
1031,100,Top Ten
1032,100,Anti-aircraft warfare
1033,100,Yemen
1034,100,Scarborough Shoal
1035,100,People's Liberation Army Air Force
1036,100,Chris Pratt
1037,100,Meatless Monday
1038,100,Operation Atlantic Resolve
1039,100,Military animal
1040,100,Rodrigo Duterte
1041,100,Military base
1042,100,Technology
1043,100,BigDog
1044,100,Show of force
1045,100,LRP ration
1046,100,Mossberg 500
1047,100,Benelli M4
1048,100,Urban warfare
1049,100,"Jose L. Cuisia, Jr."
1050,100,Alaskan Command
1051,100,Space warfare
1052,100,People's Liberation Army
1053,100,National Memorial Day Concert
1054,100,Zhang Zhaozhong
1055,100,Combat readiness
1056,100,Russian aircraft carrier Admiral Kuznetsov
1057,100,Transgender
1058,100,United States military deployments
1059,100,[haven]
1060,100,SET News
1061,100,DF-21
1062,100,Police state
1063,100,Memorial Day
1064,100,Iraq
1065,100,Korean reunification
1066,100,Battlespace
1067,100,FGM-148 Javelin
1068,100,No-fly zone
1069,100,Military intelligence
1070,100,军人
1071,100,Lee Camp
1072,100,Landing Craft Air Cushion
1073,99,Syrian Army
1074,98,Car
1075,97,Combat Fitness Test
1076,96,Sniper rifle
1077,95,United States Merchant Marine Academy
1078,95,Exercise Talisman Saber
1079,95,Misawa Air Base
1080,93,USS Green Bay (LPD-20)
1081,93,War
1082,93,Tactic
1083,93,Alex Jones
1084,92,Gun
1085,91,United States Military Entrance Processing Command
1086,91,United States Department of Veterans Affairs
1087,91,Devil Dog
1088,91,Gun control
1089,91,SHOT Show
1090,90,'Till I Collapse
1091,89,Lockheed HC-130
1092,89,Making Marines
1093,88,AK-47
1094,87,10mm Auto
1095,85,Motovlog
1096,85,Assault Breacher Vehicle
1097,85,Extraterrestrial life
1098,85,Republican National Convention
1099,85,September 11 attacks
1100,85,Reserve Officer Training Corps
1101,84,Melting
1102,84,Misawa
1103,84,Marksman
1104,83,BuzzFeed
1105,83,Cat
1106,81,Lockheed Corporation
1107,81,Boeing E-3 Sentry
1108,81,VTOL
1109,81,Main battle tank
1110,81,Active Denial System
1111,81,Challenger 2
1112,81,Heavy machine gun
1113,81,Saab JAS 39 Gripen
1114,81,Inside Combat Rescue
1115,81,Military transport aircraft
1116,81,JCB HMEE
1117,81,Leopard 2
1118,81,High-speed craft
1119,81,Bradley Fighting Vehicle
1120,81,Eurofighter Typhoon
1121,81,MD Helicopters MD 500
1122,81,U.S. Naval Base Pearl Harbor
1123,81,M1128 Mobile Gun System
1124,81,Utility helicopter
1125,81,Stryker
1126,80,SOG Specialty Knives
1127,80,Craig Sawyer
1128,80,Shooting
1129,80,David Petraeus
1130,80,WWE Tribute to the Troops
1131,80,Dan Bilzerian
1132,80,Strength training
1133,80,Republic of Korea Naval Special Warfare Flotilla
1134,80,Fox News Channel
1135,80,Live to Tell
1136,80,Matt Bissonnette
1137,80,Central Park Zoo
1138,80,Martin Riggs
1139,80,USA Memory Championship
1140,80,Marc Alan Lee
1141,80,Weight training
1142,80,Battle of Aleppo
1143,80,SIG Sauer P226
1144,80,Seal
1145,80,Aleppo
1146,80,United States Army Infantry School
1147,80,Schweizerische Industrie Gesellschaft
1148,80,Generation Kill
1149,80,Eric Greitens
1150,80,"Charles Keating, Jr."
1151,80,New World Order
1152,80,Castle of Glass
1153,80,Scott Taylor
1154,80,Robert O'Neill
1155,80,Survival knife
1156,80,Stanford Cardinal men's basketball
1157,80,Rescue
1158,80,Senior chief petty officer
1159,80,Ryan Zinke
1160,80,300
1161,80,Sauer & Sohn
1162,80,Zoo
1163,80,Richard Phillips
1164,80,Titus O'Neil
1165,79,Motivation
1166,77,Netherlands Marine Corps
1167,75,Feminism
1168,74,Zika virus
1169,73,Air assault
1170,73,Fort Knox
1171,73,United States Army Special Forces selection and training
1172,73,Close quarters combat
1173,73,United States Special Operations Command
1174,73,Trigger
1175,73,Special Mission Unit
1176,73,26th Marine Expeditionary Unit
1177,73,Army Reserve Officers' Training Corps
1178,73,Airborne & Special Operations Museum
1179,73,Field training exercise
1180,73,Joint Special Operations Command
1181,73,Act of Valor
1182,73,Kirkwood Mountain Resort
1183,73,The Hornet's Nest
1184,73,Training
1185,73,Regret Not
1186,73,SWAT
1187,73,University of Kansas
1188,73,Tim Kennedy
1189,73,Junior Reserve Officers' Training Corps
1190,73,Diplomatic Security Service
1191,73,My Strange Addiction
1192,73,United States Army Reconnaissance and Surveillance Leaders Course
1193,73,Marksmanship Badge
1194,73,All That Remains
1195,73,Marine Corps Security Force Regiment
1196,72,Defense Language Institute
1197,70,Saturday Night Live
1198,69,Fortescue
1199,69,Arlington County
1200,69,Thank You for Your Service
1201,69,Coast Guard Station Cape Disappointment
1202,69,La Push
1203,69,"Sturm, Ruger & Co., Inc."
1204,69,Boatswain's mate
1205,69,Nangarhar Province
1206,69,Sentinel-class cutter
1207,69,JW GROM
1208,69,Charlie Puth
1209,69,Marvin Gaye
1210,69,Noyo River
1211,69,Los
1212,69,Panic! at the Disco
1213,69,47-foot Motor Lifeboat
1214,69,Johnny Cash
1215,69,Arlington National Cemetery
1216,69,Sway Calloway
1217,69,Logic
1218,69,Dustin Lynch
1219,69,Kyle Carpenter
1220,69,Response Boat – Medium
1221,69,Middle of Nowhere
1222,69,Kings Point
1223,69,High-altitude military parachuting
1224,69,But It's Better If You Do
1225,69,Ellen DeGeneres
1226,69,Mind Reader
1227,69,LoCash Cowboys
1228,69,After Party
1229,69,USCGC Bertholf (WMSL-750)
1230,69,Elmer Fowler Stone
1231,69,Coast Guard Air Station San Francisco
1232,69,Ruger LCP
1233,69,Love and Theft
1234,67,Toby Keith
1235,67,Baghdad
1236,67,Time
1237,67,American Soldier
1238,66,United States Coast Guard Reserve
1239,65,Helmet camera
1240,65,Food
1241,64,Counter-Strike: Global Offensive
1242,64,155mm
1243,64,Desert Tactical Arms Stealth Recon Scout
1244,64,North American XB-70 Valkyrie
1245,64,Aero Spacelines Super Guppy
1246,64,Battle of Chosin Reservoir
1247,64,M109 howitzer
1248,64,L118 light gun
1249,64,Rocket launcher
1250,64,Aero Spacelines
1251,64,Multiple rocket launcher
1252,64,Denel Rooivalk
1253,64,Haubits FH77
1254,64,Alenia Aeronautica
1255,63,United States Department of Defense Education Activity
1256,63,Boot camp
1257,63,Battlefield
1258,62,USS Utah (BB-31)
1259,62,Kirtland Air Force Base
1260,62,USS Arizona
1261,62,Nevada National Guard
1262,62,Gulf War
1263,62,Air Naval Gunfire Liaison Company
1264,62,Military of Slovenia
1265,62,Mine-clearing line charge
1266,62,82nd Airborne Division Artillery
1267,62,10th Mountain Division
1268,62,Robins Air Force Base
1269,62,Naval Infantry Force
1270,62,Al-Bukamal
1271,62,Bass fishing
1272,62,Mississippi Army National Guard
1273,62,Forward Operating Base Robinson
1274,62,Normandy landings
1275,62,General Atomics MQ-1 Predator
1276,62,Fishing
1277,62,Fort Indiantown Gap
1278,62,Mine countermeasures vessel
1279,62,Largemouth bass
1280,62,10th Marine Regiment
1281,62,Bagram Airfield
1282,61,Self-defense
1283,61,Raise Hell
1284,61,Tuba
1285,60,Concert
1286,59,Chief Petty Officer
1287,59,National Hispanic Heritage Month
1288,59,Habitat for Humanity International
1289,59,Flight deck
1290,59,NORAD Tracks Santa
1291,59,History of the United States Navy
1292,59,USS Pioneer (MCM-9)
1293,59,North American Aerospace Defense Command
1294,59,Seabee
1295,59,Submarine escape training facility
1296,59,Fire safety
1297,59,Hispanic and Latino Americans
1298,59,Harley-Davidson Motor Company
1299,59,"Thomas J. Hudner, Jr."
1300,59,MOPP
1301,59,National Night Out
1302,59,Flu season
1303,59,Dry dock
1304,59,Dessert
1305,59,Major depression
1306,59,Germantown
1307,59,USS Sampson (DDG-102)
1308,59,Combined Federal Campaign
1309,59,Operations security
1310,59,Computer security
1311,59,NASA
1312,59,Rigid-hulled inflatable boat
1313,59,Sasebo
1314,59,Phishing
1315,59,West Wing
1316,59,Souda Bay
1317,59,USS Germantown (LSD-42)
1318,59,SpongeBob SquarePants
1319,59,"Commander, Naval Air Force U.S. Atlantic Fleet"
1320,59,New York Comic Con
1321,59,Fire Prevention Week
1322,59,Trains
1323,59,Fleet Week
1324,56,Marine Corps Base Quantico
1325,56,Marine Corps Marathon
1326,55,Geocaching
1327,55,International Ice Patrol
1328,55,Best Ranger Competition
1329,55,LNG carrier
1330,55,SPARS
1331,55,Oregon Inlet
1332,55,MAST Academy
1333,55,Five Finger Death Punch
1334,55,Medium endurance cutter
1335,55,NBA Development League
1336,55,America the Beautiful
1337,55,Chief petty officer
1338,55,Arctic
1339,55,Yousef Erakat
1340,55,Heceta Beach
1341,55,Little Sable Point Light
1342,55,Chatham
1343,55,BB gun
1344,55,Gulfstream V
1345,55,Christians in the military
1346,55,Cesar Romero
1347,55,Rogue wave
1348,55,Stereo Sound Agency
1349,55,Carnival Sensation
1350,55,Commandant of the Coast Guard
1351,55,Eric Gales
1352,55,Breaking Benjamin
1353,55,United States Revenue Cutter Service
1354,55,When I'm Gone
1355,55,Gunner's mate
1356,55,Remember Everything
1357,55,Yacht
1358,55,Ultimate Soldier Challenge
1359,55,HMCS Huron
1360,55,USCGC Mellon (WHEC-717)
1361,55,Fidel Castro
1362,55,One Station Unit Training
1363,55,Bar
1364,55,If I Die Tomorrow
1365,55,Luxury yacht
1366,55,Coast Guard Alaska
1367,55,Canadian Coast Guard
1368,55,National Security Cutter
1369,55,Wave
1370,55,I Will Not Bow
1371,55,Narco-submarine
1372,55,Air-sea rescue
1373,55,USCGC Spar (WLB-206)
1374,55,3 Doors Down
1375,55,Wrong Side of Heaven
1376,55,Rescue swimmer
1377,55,Business jet
1378,55,USCGC Diligence (WMEC-616)
1379,55,Veterinary physician
1380,55,Tybee Island
1381,55,Watercraft
1382,55,First to Fight
1383,54,Airsoft
1384,54,Hospital corpsman
1385,53,Josh Norman
1386,53,Vice
1387,53,1st Light Armored Reconnaissance Battalion
1388,53,The Daily Show
1389,53,Bowdoin College
1390,53,Game for Vultures
1391,53,1st Marine Logistics Group
1392,53,Special Operations Forces Exhibition
1393,53,Laser tag
1394,53,Hussain Al Jasmi
1395,53,Combat shotgun
1396,53,Nate Ebner
1397,53,Wild Geese
1398,53,Camp Leatherneck
1399,53,Ben Anderson
1400,53,The Fourth War
1401,53,Nickel defense
1402,53,Counter-insurgency
1403,53,Boba Fett
1404,53,My Girl
1405,53,Bebe Rexha
1406,53,E:60
1407,53,Wright Brothers Day
1408,53,"Harvey C. Barnum, Jr."
1409,53,Marine Air-Ground Task Force
1410,53,United States Marine Corps Training and Education Command
1411,53,John F. Kelly
1412,52,United States Secretary of Defense
1413,50,Phil Mason
1414,50,Philip Davies
1415,50,Draft:DC's Legends of Tomorrow
1416,50,The Great Dictator
1417,50,"Warhammer 40,000"
1418,50,Anita Sarkeesian
1419,50,George Orwell
1420,50,Manspreading
1421,50,Joe Vargas
1422,50,Ian Dickson
1423,50,Blair White
1424,50,Anti-fascism
1425,50,Suicide attack
1426,50,Barghest
1427,50,Laci Green
1428,50,Cringe comedy
1429,50,Male privilege
1430,50,Charlie Chaplin
1431,50,TL;DR
1432,50,Nazism
1433,50,SEAL Delivery Vehicle
1434,50,Political correctness
1435,50,Nouha Dicko
1436,50,Bug
1437,50,Black bloc
1438,50,Cenk Uygur
1439,50,Ben Shapiro
1440,50,Berkeley
1441,50,Abdication
1442,50,Sargon of Akkad
1443,50,Milo Yiannopoulos
1444,50,Science
1445,50,Jesse Ventura
1446,50,Eve Online
1447,50,Fixed-gear bicycle
1448,50,Morgan Freeman
1449,50,Drexel University
1450,48,United States Naval Sea Cadet Corps
1451,46,"Roman Carnival Overture, Op. 9"
1452,46,Vienna
1453,46,Palm Sunday
1454,46,Clarinet Concerto No.1 in F minor
1455,46,Snow
1456,46,Guard Mounting
1457,46,1812 Overture
1458,46,Aerobatics
1459,46,Veterans Day
1460,46,Chamber music
1461,46,Ignaz Pleyel
1462,46,Marathon
1463,46,Tomb of the Unknowns
1464,46,KEXP-FM
1465,46,Orangutan
1466,46,Fallout
1467,46,Talking bird
1468,46,International Tuba Euphonium Association
1469,46,Wexford Festival Opera
1470,46,Czardas
1471,46,Léo Delibes
1472,46,The Best of Rachmaninoff
1473,46,Sergei Rachmaninoff
1474,46,New Orleans Mardi Gras
1475,46,Origami
1476,46,Gym
1477,46,Eastern Trombone Workshop
1478,46,Euphonium
1479,46,Experimental musical instrument
1480,46,Jean-Philippe Rameau
1481,46,Parrot
1482,46,African grey parrot
1483,46,Trombone
1484,46,Korovai
1485,46,Grant-Lee Phillips
1486,46,Lakmé
1487,45,Fallout: 4
1488,45,Mixed martial arts
1489,45,Police
1490,45,Lacrosse
1491,44,Division
1492,44,Sergeant
1493,44,Immersive video
1494,43,United States Department of Defense
1495,43,DotNetNuke
1496,43,Australian Department of Defence
1497,43,Martial law
1498,43,White-tailed deer
1499,43,Democracy Now!
1500,43,Philippines Department of National Defense
1501,43,Syria
1502,43,Torture
1503,43,Ashton Carter
1504,43,House Permanent Select Committee on Intelligence
1505,43,Manohar Parrikar
1506,43,D.O.D.
1507,43,The Pentagon
1508,43,QlikTech
1509,43,Shooting sport
1510,43,Military budget of the United States
1511,43,Military of Latvia
1512,42,Ford
1513,42,Naval Station Great Lakes
1514,41,United States Armed Forces oath of enlistment
1515,41,United States Marine Air-Ground Task Force Reconnaissance
1516,41,Road rage
1517,40,U.S. Army Airborne
1518,39,Peshmerga
1519,39,Chrysler PT Cruiser
1520,39,Taegukgi
1521,39,HS2000
1522,39,"Springfield Armory, Inc."
1523,39,Micro air vehicle
1524,39,15th Marine Expeditionary Unit
1525,39,Epinal American Cemetery and Memorial
1526,39,STS-51-L
1527,39,Hunting
1528,39,Space Shuttle program
1529,39,Zastava M-70
1530,39,Dogs in warfare
1531,39,Space Shuttle
1532,39,Harley-Davidson Sportster
1533,39,Gunpowder
1534,39,Space Shuttle Challenger disaster
1535,38,Cincinnati Fire Department
1536,38,Nepalese Army
1537,38,Fire
1538,38,Port Hueneme
1539,38,Yamaha MT-07
1540,38,Amphibious warfare
1541,38,Samoa Joe
1542,38,Navy Expeditionary Combat Command
1543,38,United States military pay
1544,38,Mind Control
1545,38,The Elder Scrolls V: Skyrim
1546,38,Mighty Morphin' Power Rangers: The Movie
1547,38,The Undertaker
1548,38,Israeli Navy
1549,38,Minato Namikaze
1550,38,Dragon Ball Z: Fukkatsu no F
1551,38,Victoria Police
1552,38,Naruto
1553,38,WWE Raw
1554,38,Swimming
1555,38,Shayetet 13
1556,38,Press up
1557,38,Tye Tribbett
1558,38,CM Punk
1559,38,WWE
1560,38,Dragon Ball Z
1561,38,Massachusetts State Police
1562,38,Kenny Chesney
1563,38,Tampa Fire Department
1564,38,Power Rangers
1565,38,Dragon Ball
1566,38,J. Cole
1567,38,Black Friday
1568,38,Police academy
1569,38,Brock Lesnar
1570,38,Cruiserweight
1571,38,Twinkie Clark
1572,37,M240 machine gun
1573,37,Illegal immigration
1574,37,Drums
1575,36,Company (military unit)
1576,35,Battle of Mogadishu
1577,35,STABO
1578,35,Iván Rodríguez
1579,35,Somalia
1580,35,Security clearance
1581,35,FN SCAR
1582,35,Dixie Chicks
1583,35,Nicholas Irving
1584,35,Howard Metzenbaum
1585,35,Cake
1586,35,Regiment
1587,35,Taliban
1588,35,Texas Rangers
1589,35,Pakistan Rangers
1590,35,Sound
1591,35,John Glenn
1592,35,Battle of Takur Ghar
1593,35,Fort Sherman
1594,35,al-Qaeda
1595,35,Fort Shafter
1596,35,Rangers F.C.
1597,35,Jungle warfare
1598,35,Ambush
1599,35,United States Army Air Forces
1600,35,Comic Book Girl 19
1601,35,Cupcake
1602,34,Martin Dempsey
1603,34,Chris Janson
1604,34,The Woman with You
1605,34,Lance corporal
1606,34,Amphibious transport dock
1607,34,Kiss You in the Morning
1608,34,Drumline
1609,34,Tim McGraw
1610,34,Le Régiment de Sambre et Meuse
1611,34,Riverside Military Academy
1612,34,The Twilight Saga
1613,34,Shoulder-fired missile
1614,34,Father
1615,34,Open carry in the United States
1616,34,Amphibious ready group
1617,34,The United States Military Academy Band
1618,34,Joakim Noah
1619,34,Edith Bolling Galt Wilson
1620,34,Twilight
1621,34,Chancey Williams and the Younger Brothers Band
1622,34,Military academy
1623,34,Texas A&M University Corps of Cadets
1624,34,Anti-Personnel Obstacle Breaching System
1625,34,Ten Gentlemen from West Point
1626,34,Trophy Point
1627,34,Woodrow Wilson
1628,34,Jim Brickman
1629,34,That's My Job
1630,34,Conway Twitty
1631,34,Patriot League
1632,34,Shoulder-launched Multipurpose Assault Weapon
1633,34,Army Black Knights men's lacrosse
1634,34,Never Alone
1635,34,Singapore Armed Forces Parachute Team
1636,34,WASR series rifles
1637,34,United States service academies
1638,34,My Little Girl
1639,34,United States Military Academy Preparatory School
1640,34,Combat search and rescue
1641,34,USS San Antonio (LPD-17)
1642,34,Naval Station Norfolk
1643,34,Heart of Dallas Bowl
1644,34,Navy Midshipmen men's lacrosse
1645,34,Human Weapon
1646,34,Drake White
1647,34,Jamey Johnson
1648,34,Refrigerator
1649,34,AT4
1650,34,Cadet
1651,34,Omicron Delta Kappa
1652,34,Dixie
1653,34,Redneck Side of Me
1654,34,United States Naval Academy
1655,34,North Texas Mean Green football
1656,34,Hadji Girl
1657,34,The Woman With You
1658,33,Gavin McInnes
1659,32,Social justice
1660,32,School shooting
1661,32,Dana Carvey
1662,32,Harlem Shake (meme)
1663,32,How to be a Man
1664,32,The All-American Rejects
1665,32,Royal Thai Marine Corps
1666,32,You're the Best
1667,32,Paintball
1668,32,Explosive Ordnance Disposal Badge
1669,32,Jesus Christ
1670,32,History
1671,32,Joe Esposito
1672,32,Cadet Ice Arena
1673,32,Second Amendment
1674,32,Drinking
1675,32,Gives You Hell
1676,32,National Rifle Association
1677,32,Common Core State Standards Initiative
1678,31,Toy
1679,31,Military recruitment
1680,30,Garry's Mod
1681,30,Jared Leto
1682,30,Headset
1683,30,VanossGaming
1684,30,Pornography
1685,30,Achmed the Dead Terrorist
1686,30,2015 AFL Grand Final
1687,30,Superhero
1688,30,Sexual fetishism
1689,30,Lamborghini
1690,30,AFL Grand Final
1691,30,Jeff Dunham
1692,30,British English
1693,30,Jay Ant
1694,30,New Crusaders
1695,30,Calais
1696,30,The Last of Us
1697,30,Far Alone
1698,30,Marcus Butler
1699,30,Team America: World Police
1700,30,Lukas Graham
1701,30,Vietnam veteran
1702,30,Institute of technology
1703,30,Australian rules football
1704,30,CNN
1705,30,Australian Football League
1706,30,Shooting range
1707,30,Connor Franta
1708,30,Hiking
1709,30,Cello
1710,30,Christmas truce
1711,30,Roadkill Christmas (Bubba J)
1712,30,Granger Smith
1713,29,Tripod
1714,29,Apple Watch
1715,29,Daniel Dumile
1716,29,Wild boar
1717,29,Weight loss
1718,29,Key & Peele
1719,29,Vomitspit
1720,29,Alcorn State Braves
1721,29,Arkansas Razorbacks football
1722,29,You Got Served
1723,29,The Conjuring
1724,29,Ill Mind of Hopsin 7
1725,29,Ghost hunting
1726,29,Jesse Williams
1727,29,Last Judgment
1728,29,Calorie
1729,29,O.T. Genasis
1730,29,Lloyd
1731,29,Collateral
1732,29,Eating
1733,29,Lil Herb
1734,29,Norwegian Labour and Welfare Administration
1735,29,Casey Neistat
1736,29,Keegan-Michael Key
1737,29,Overwatch
1738,29,Trampoline
1739,29,Honda Magna
1740,29,Honda CBR1000RR
1741,29,Thai food
1742,29,Marine expeditionary unit
1743,29,Vitaly Zdorovetskiy
1744,29,Jordan Peele
1745,29,Metro Boomin
1746,29,Ripping
1747,29,Gatling gun
1748,29,Hopsin
1749,28,Khobar Towers bombing
1750,27,Veterans Affairs Canada
1751,27,Chocolate
1752,27,Skate It
1753,27,Airborne
1754,27,VA loan
1755,27,Snickers
1756,27,Kinder Surprise
1757,27,Brazilian jiu-jitsu
1758,27,Nickelodeon
1759,27,Skateboard
1760,27,Upward Bound
1761,27,Weaponology
1762,27,President-elect of the United States
1763,27,Conservative Political Action Conference
1764,27,Infant
1765,27,Elsa
1766,27,Sarah Palin
1767,27,United States Secretary of Veterans Affairs
1768,27,Connecticut
1769,27,Anna
1770,27,America Live with Megyn Kelly
1771,27,"Hohenfels, Bavaria"
1772,27,Chipmunk
1773,27,The Chipettes
1774,27,How To Cook That
1775,27,Stephen Cochran
1776,27,United States Senate Committee on Veterans' Affairs
1777,27,U.S. 3rd Infantry Division
1778,27,Playmobil
1779,27,Homeless veterans
1780,27,Gingerbread house
1781,27,Crisis hotline
1782,27,Minecraft
1783,27,Barbie
1784,27,Infantry Branch
1785,27,Fan mail
1786,27,Games
1787,27,The Chipmunks
1788,27,ALVINNN!!! and the Chipmunks
1789,27,Water
1790,27,The Thundermans
1791,27,Vogue
1792,27,Camp Courtney
1793,27,United States Army Alaska
1794,27,Kira Kosarin
1795,27,Wisdom tooth
1796,27,Virginia Beach Middle School
1797,27,Gingerbread
1798,27,Rocky Bleier
1799,27,Robert A. McDonald
1800,27,Somatropin
1801,27,Henry Danger
1802,27,Parachutist Badge
1803,27,G.I. Bill
1804,27,Backstreet Boys
1805,27,Ice climbing
1806,27,Jack Griffo
1807,27,M&M's
1808,27,Music Key
1809,27,Veterans Health Administration
1810,27,Joint Base Elmendorf-Richardson
1811,27,Suicide prevention
1812,27,Thailand
1813,27,Hamburger
1814,27,Call of Duty: Black Ops III
1815,27,Post-9/11 Veterans Educational Assistance Act of 2008
1816,27,It's a SpongeBob Christmas!
1817,27,Mountain Dew
1818,27,Skateboarding
1819,27,Kayaking
1820,27,Australian Department of Veterans' Affairs
1821,26,United States Marine Corps Wounded Warrior Regiment
1822,26,Get Lucky
1823,26,Welcome to the Jungle
1824,26,Dead Island 2
1825,26,Rick Astley
1826,26,Lyrics
1827,26,Marine Corps Combat Utility Uniform
1828,26,Special Patrol Insertion/Extraction
1829,26,Never Gonna Give You Up
1830,26,iPad
1831,26,Rickrolling
1832,26,Daft Punk
1833,26,United States Navy Amphibious Reconnaissance Corpsman
1834,26,late for meeting
1835,26,Squad leader
1836,26,iPhone
1837,26,Dead Island
1838,25,Nerve agent
1839,25,Transnet Freight Rail
1840,25,Film
1841,25,No One Gets Left Behind
1842,25,Cartography
1843,25,Disneyland
1844,25,Panzergrenadier
1845,25,Submarine Escape Immersion Equipment
1846,25,Map
1847,25,Nellis Air Force Base
1848,25,Gas
1849,25,Northrop T-38 Talon
1850,25,Biological warfare
1851,25,AIT Platoon Sergeant
1852,25,Sex Hygiene
1853,25,Chemical warfare
1854,25,Short Film
1855,25,Private Snafu
1856,25,Water purification
1857,25,Air show
1858,25,Late-night talk show
1859,25,Walt Disney World
1860,25,Pistol
1861,25,French Resistance
1862,25,Interrogation
1863,24,Chinchilla
1864,24,The Frogmen
1865,24,Heroes
1866,24,Nigel Thornberry
1867,24,Lackland Air Force Base
1868,24,League of Legends
1869,24,Frogman
1870,24,Doing It Wrong
1871,24,Robert F. Kennedy
1872,24,Careless Whisper
1873,24,United States Merchant Marine
1874,24,Zach Galifianakis
1875,24,"""Heroes"""
1876,24,Between Two Ferns with Zach Galifianakis
1877,24,Peter Gabriel
1878,24,Geography
1879,23,Amphibious vehicle
1880,23,Samsung Electronics
1881,23,Ford Ranger
1882,23,Adele
1883,23,Chevrolet Camaro
1884,23,Belt drive
1885,23,Car chase
1886,23,The Ellen DeGeneres Show
1887,23,Lieutenant general
1888,23,Aeolians
1889,23,Boxing
1890,23,Shawn Mendes
1891,22,The Prayer
1892,22,Gloomy Sunday
1893,22,Vincent
1894,22,Samsung Galaxy
1895,22,How Do You Keep the Music Playing?
1896,22,The Magnificent Seven
1897,22,Broken Vow
1898,22,George W. Bush
1899,22,I Won't Send Roses
1900,22,Elmer Bernstein
1901,22,Davis Gaines
1902,22,Godspeed (Sweet Dreams)
1903,22,2012 Benghazi attack
1904,22,Craig Ferguson
1905,22,Linda Eder
1906,22,Rob Evan
1907,22,Someone Like You
1908,22,Andrea Bocelli
1909,22,Mandy Patinkin
1910,22,Raúl Esparza
1911,22,Coffee in a Cardboard Cup
1912,22,How-to
1913,22,Josh Groban
1914,22,Kissing You Goodbye
1915,22,Don McLean
1916,22,Airman's Creed
1917,22,Roomba
1918,22,Ghostbusters III
1919,22,Johnny Mathis
1920,22,iRobot
1921,22,Samsung Galaxy S5
1922,22,Michael Feinstein
1923,22,Roman shade
1924,22,Company: Being Alive
1925,22,Jekyll & Hyde
1926,22,Iron Man
1927,22,Mack and Mabel
1928,21,Yamaha YZF-R3
1929,21,Lullabye
1930,21,White people
1931,21,"Lullabye (Goodnight, My Angel)"
1932,21,Marine Corps Air Station Yuma
1933,21,This Afternoon
1934,21,Hawaii Army National Guard
1935,21,Billy Joel
1936,21,Something in Your Mouth
1937,21,FAFSA
1938,21,HSM-77 Saberhawks
1939,21,.50 BMG
1940,21,Kellyanne Conway
1941,21,Uganda People's Defence Force
1942,21,S.E.X.
1943,21,Explosive material
1944,21,Sessions@AOL
1945,21,Improvised bombing
1946,21,When We Stand Together
1947,21,Bomb
1948,21,Siege of Bastogne
1949,21,Texas Army National Guard
1950,21,Dell
1951,21,USS Abraham Lincoln (CVN-72)
1952,21,If Today Was Your Last Day
1953,21,The Warrior
1954,21,Yamaha FZ16
1955,21,Nickelback
1956,21,Wing Bowl
1957,21,Unexploded ordnance
1958,21,Bottoms Up
1959,21,Next Contestant
1960,21,Gliding
1961,21,Huma Abedin
1962,21,Military parade
1963,21,Bruce Springsteen
1964,21,Ohio Army National Guard
1965,21,Michigan Army National Guard
1966,21,Documentary
1967,21,Guam
1968,21,Captain Noah and His Magical Ark
1969,21,Burn It to the Ground
1970,21,Army National Guard
1971,21,Afghanistan
1972,21,Washington Army National Guard
1973,21,Senior airman
1974,21,U.S. 101st Airborne Division
1975,21,William H. McRaven
1976,21,Never Gonna Be Alone
1977,21,Hewlett-Packard
1978,21,Bravura
1979,21,Veterans Benefits Administration
1980,21,Bad Lip Reading
1981,21,Figured You Out
1982,21,Gary Johnson
1983,21,Gotta Be Somebody
1984,21,Insurgency
1985,21,Blood on the Risers
1986,21,Fort Campbell
1987,21,Detonation
1988,21,Filthy Thirteen
1989,21,ZZ Top
1990,21,Stephen Phillips
1991,21,Dwight D. Eisenhower
1992,21,United States Marine Drum and Bugle Corps
1993,21,Siberian Husky
1994,21,502nd Infantry Regiment
1995,21,The Monkees
1996,21,Bomb disposal
1997,21,Andersen Air Force Base
1998,21,"E Company, 506th Infantry Regiment"
1999,21,Uganda
2000,21,Alaska Army National Guard
2001,21,Guam National Guard
2002,21,101st Combat Aviation Brigade
2003,21,Last Train to Clarksville
2004,21,Wisconsin Army National Guard
2005,21,Delaware Army National Guard
2006,21,A Shau Valley
2007,21,Sharp Dressed Man
2008,20,Working dog
2009,20,Fort Bliss
2010,20,Web design
2011,20,American Sign Language
2012,20,Eye shadow
2013,20,Darwine
2014,20,Nerdist News
2015,20,Sheet metal
2016,20,Crash Course
2017,20,McDonnell Douglas F-4 Phantom II
2018,20,Sign language
2019,20,Gewehr 43
2020,20,Soundtrack
2021,20,Marriage proposal
2022,20,PlayStation 4
2023,20,Hodor
2024,20,Motion graphics
2025,20,Jessica Chobot
2026,20,Stinger
2027,20,Foundation
2028,20,Sick Call
2029,20,Muzzle
2030,20,Bodybuilding
2031,20,Mutillidae
2032,20,Mobile
2033,20,Bangkok
2034,20,M60 machine gun
2035,20,Dear John letter
2036,20,United States Navy Physical Readiness Test
2037,20,Adobe After Effects
2038,20,Israeli–Palestinian conflict
2039,20,Fort Sill
2040,20,Jon Bailey
2041,20,Gun safety
2042,20,Urban Decay
2043,20,Muzzle brake
2044,20,OS X
2045,20,DayZ
2046,20,Colt Delta Elite
2047,19,Philip Sparke
2048,19,Eastman Wind Ensemble
2049,19,Maika Monroe
2050,19,Instrument flight rules
2051,19,Rockford
2052,19,Wingover
2053,19,Slow roll
2054,19,Suite of Old American Dances
2055,19,War Thunder
2056,19,Air combat manoeuvring
2057,19,Where I Come From
2058,19,Stall
2059,19,Slava! A Political Overture for Orchestra
2060,19,Marinejegerkommandoen
2061,19,You (Or Somebody Like You)
2062,19,Spin
2063,19,Las Vegas Motor Speedway
2064,19,Shelby 427
2065,19,Aviation accident or incident
2066,19,Concerto for Clarinet
2067,19,Formation flying
2068,19,Huntington Beach
2069,19,Robert Russell Bennett
2070,19,Roger Nixon
2071,19,Thach Weave
2072,19,Godsmack
2073,19,Jubilee Overture
2074,19,Barrel roll
2075,19,Montgomery Gentry
2076,19,Naval Air Station North Island
2077,19,Angel
2078,19,The Regimental Band of the Coldstream Guards
2079,19,Gabriel Fauré
2080,19,Dallas Wind Symphony
2081,19,Eminem
2082,19,Rockford Air show
2083,19,Artie Shaw
2084,19,Basic fighter maneuvers
2085,19,Good Day to Die
2086,19,Joint Task Force 2
2087,19,Horkstow
2088,19,Digital Combat Simulator
2089,19,Hillsboro Airport
2090,19,Dogfight
2091,19,Forsvarets Spesialkommando
2092,19,Air navigation
2093,18,University of North Carolina at Chapel Hill
2094,18,Al Franken
2095,18,Tesla Motors
2096,18,Ken Block
2097,18,Ford Focus
2098,18,Gymkhana
2099,18,Sabine Schmitz
2100,18,Adafruit Industries
2101,18,Doug Coombs
2102,18,Somewhere Over the Rainbow / What a Wonderful World
2103,18,First-person view
2104,18,University of Virginia
2105,18,The Voice
2106,18,Band Day
2107,18,Toyota 86
2108,18,Brass quintet
2109,18,ARMA 3
2110,18,Car Throttle
2111,18,Stan Kenton
2112,18,Somebody to Love
2113,18,ARMA
2114,18,Baba Yetu
2115,18,Baba yetu
2116,18,Tupolev Tu-154
2117,18,Tesla
2118,18,Tesla Model S
2119,18,Cavalier Marching Band
2120,18,BMW M3
2121,17,Matt Redman
2122,17,CIRAS
2123,17,Arnold Schwarzenegger
2124,17,Search and seizure
2125,17,LDRSHIP
2126,17,United States Marine Corps Reserve
2127,17,Itachi Uchiha
2128,17,Woodturning
2129,17,Sasuke Uchiha
2130,17,Hans Zimmer
2131,17,Mud
2132,17,First date
2133,17,Semper Fi
2134,17,Modular Tactical Vest
2135,17,Lee Brice
2136,17,Physical fitness
2137,17,Oorah
2138,17,1st Force Reconnaissance Company
2139,17,Chemical formula
2140,17,"10,000 Reasons (Bless the Lord)"
2141,17,I Drive Your Truck
2142,17,Trace Adkins
2143,17,Bone fracture
2144,17,Matt Stonie
2145,16,Great Decisions
2146,16,Civil–military relations
2147,16,Fortress
2148,16,31st Marine Expeditionary Unit
2149,16,Norden bombsight
2150,16,Operation Enduring Freedom
2151,16,Hossein Mousavian
2152,16,I'm So Sorry
2153,16,Private first class
2154,16,Bombsight
2155,16,Brett Wood
2156,16,Romanian Police
2157,16,Leonard Slatkin
2158,16,Steel Challenge
2159,16,U.S. Army War College
2160,16,Carlisle Barracks
2161,16,Stanley
2162,16,Black Hawk Down
2163,16,Second lieutenant
2164,16,Imagine Dragons
2165,16,Anthony T. Kahoʻohanohano
2166,16,Battlefield 4
2167,16,Lyndon B. Johnson School of Public Affairs
2168,16,American Civil War
2169,16,Jim Thorpe
2170,16,Aerodynamics
2171,16,Raymond T. Odierno
2172,16,Boeing B-29 Superfortress
2173,16,Atomic bombings of Hiroshima and Nagasaki
2174,16,Commandant of the Marine Corps
2175,16,Southridge High School
2176,16,Funeral procession
2177,16,Battle of Carlisle
2178,16,Bell P-39 Airacobra
2179,16,2nd Battalion 5th Marines
2180,16,Navy Cross
2181,16,U.S. Army Heritage and Education Center
2182,16,Douglas DC-3
2183,16,Battalion
2184,16,Police action
2185,16,United States Army Vietnam
2186,16,J.E.B. Stuart
2187,16,Warzone
2188,16,Aerodynamic force
2189,16,Longest recorded sniper kills
2190,16,M40 rifle
2191,16,Singing
2192,16,Sammy L. Davis
2193,15,Fox Business Network
2194,15,Aerobic exercise
2195,15,Drum and bugle corps
2196,15,Narcissism
2197,15,Methylcobalamin
2198,15,Window
2199,15,Astrological sign
2200,15,Zumba
2201,15,Chlorpromazine
2202,15,Tamera Mowry
2203,15,Gabrielle Reece
2204,15,Sales
2205,15,Ancestor
2206,15,Alyssa Milano
2207,15,Guinness World Records
2208,15,Not Ready to Make Nice
2209,15,Ophiuchus
2210,15,Zodiac
2211,15,The Real Talk Show
2212,15,X-Men
2213,15,Female submission
2214,15,The Dark Phoenix Saga
2215,15,Seether
2216,15,Speed reload
2217,15,Professor X
2218,15,Keeping Up with the Kardashians
2219,15,Ryan Lochte
2220,14,Holliday Grainger
2221,14,Gymnastics
2222,14,Coast Guard Air Station Elizabeth City
2223,14,Weaver stance
2224,14,Coast Guard Air Station Savannah
2225,14,Expeditionary warfare
2226,14,Somebody's Watching Me
2227,14,Helitack
2228,14,Surfmen
2229,14,Coast Guard Air Station Borinquen
2230,14,Sikorsky HH-60 Jayhawk
2231,14,Keiynan Lonsdale
2232,14,Kodiak
2233,14,Mac Dre
2234,14,SOCOM
2235,14,Premiere
2236,14,Coast Guard Air Station Los Angeles
2237,14,Sling
2238,14,Botfly
2239,14,Small Arms
2240,14,France 24
2241,14,Korea Air Force Academy
2242,14,FPSRussia
2243,14,The Guardian
2244,14,Treal T.V.
2245,14,Game of Thrones
2246,14,USCGC Spar (WLB-403)
2247,14,Coast Guard Air Station San Diego
2248,14,SS Pendleton
2249,14,Los Angeles County Lifeguards
2250,14,24-hour clock
2251,14,Oil spill
2252,14,"Air Force Academy, Dundigul"
2253,14,Looie Crew
2254,14,Ballistic trauma
2255,14,Recruitment
2256,14,Uninvited
2257,14,Aeromedical Evacuation
2258,14,SeaWorld San Antonio
2259,14,Naval Air Station Barbers Point
2260,14,Aerial firefighting
2261,14,Technical school
2262,14,Royal Air Force Police
2263,14,Atchisson Assault Shotgun
2264,14,Hulk
2265,14,Rockwell
2266,14,Eazy-E
2267,14,3rd Marine Aircraft Wing
2268,14,Armed Forces Classic
2269,14,Shaving
2270,14,Freedom of speech
2271,14,United States Air Force Academy Preparatory School
2272,14,Handgun
2273,13,Islam
2274,13,Abseiling
2275,13,Best Warrior
2276,13,Brigadier general
2277,13,Taser
2278,13,Sergeant Major of the Army
2279,13,Destiny
2280,13,The U.S. Air Force
2281,13,United States Declaration of Independence
2282,13,Friday
2283,13,Hoke County
2284,13,Atheism
2285,13,Grafenwöhr
2286,13,Somerset Patriots
2287,13,Camp Atterbury
2288,13,Sapper Tab
2289,13,Brigade Modernization Command
2290,13,David G. Perkins
2291,13,Stephen Curry
2292,13,Philip DeFranco
2293,13,Julius Thomas
2294,13,Ken Masters
2295,13,Sapper
2296,13,Kristen Bell
2297,13,Doom
2298,13,Marshawn Lynch
2299,13,Liberalism
2300,13,Combat engineer
2301,13,Peyton Manning
2302,13,Warrensburg High School
2303,13,Gold Star Mothers Club
2304,13,Cyberdemon
2305,13,University of Oklahoma Army ROTC
2306,13,United States Army Air Assault School
2307,13,99th Infantry Division
2308,13,Rebecca Black
2309,13,Ultimate Fighting Championship
2310,13,United States Army Training and Doctrine Command
2311,13,Future Soldier
2312,13,San Antonio Spurs
2313,13,2004 Democratic National Convention
2314,13,Loot Crate
2315,13,This Is Not Happening
2316,13,Gregg Popovich
2317,13,John B. Wells
2318,13,Camp Blanding
2319,13,Dubuque Fighting Saints
2320,13,Mark Ronson
2321,13,Combat vehicle
2322,13,Paul Harvey
2323,13,Joey Diaz
2324,13,Parris Island
2325,13,Pole vault
2326,12,Heel-toe technique
2327,12,Jake Tapper
2328,12,Reza Aslan
2329,12,Flirting
2330,12,Girlfriend
2331,12,Jeb Bush
2332,12,Eric Trump
2333,12,Ted Cruz
2334,12,The Salvation Army
2335,12,Track and field athletics
2336,12,John McCain
2337,12,Melania Trump
2338,12,Patrick Air Force Base
2339,12,Trailer
2340,12,Civilian
2341,12,PewDiePie
2342,12,Bermuda
2343,12,Battle buddy
2344,12,Snare drum technique
2345,12,London Has Fallen
2346,12,1st Marine Special Operations Battalion
2347,12,United States Navy Chaplain Corps
2348,12,Roast
2349,12,Enlisted rank
2350,12,Eventing
2351,12,Bass drum
2352,12,Kanye West
2353,12,Maritime Special Purpose Force
2354,12,Guitarist
2355,12,Epic Rap Battles of History
2356,12,Hooah
2357,12,Ford Super Duty
2358,12,Camp Pendleton North
2359,12,Election recount
2360,12,Violin
2361,12,RAF Waddington
2362,12,III Marine Expeditionary Force
2363,12,Stronger
2364,12,Flag of the United States
2365,12,Special reaction team
2366,12,United States Marine Corps Reconnaissance Battalions
2367,12,Military rank
2368,12,Explosion
2369,12,Anderson Cooper
2370,12,Aviation Nation
2371,11,Gerónimo Giménez
2372,11,New Jalpaiguri railway station
2373,11,Commander
2374,11,City Winery
2375,11,2014 Winter Olympics
2376,11,Cop Block
2377,11,Far Behind
2378,11,Lettice Rowbotham
2379,11,Enrique Granados
2380,11,Judge Advocate General of the Navy
2381,11,Judge Advocate General's Corps
2382,11,Semper Paratus
2383,11,Police officer
2384,11,Oprah Winfrey
2385,11,Recommendation letter
2386,11,Largo al factotum
2387,11,Death's Head
2388,11,Puddle of Mudd
2389,11,Student loan
2390,11,United States Marine Corps Combatant Diver Course
2391,11,College admissions in the United States
2392,11,Matt Nathanson
2393,11,Daniel Southworth
2394,11,Differences
2395,11,United States Army Field Band
2396,11,Rachel Platten
2397,11,Chattanooga
2398,11,Unboxing
2399,11,"Judge Advocate General's Corps, U.S. Navy"
2400,11,Honor Flight
2401,11,Student financial aid in the United States
2402,11,Metal detector
2403,11,Virginia Railway Express
2404,11,Milwaukee Electric Tool Corporation
2405,11,The Amity Affliction
2406,11,Ginuwine
2407,11,Great Gate of Kiev
2408,11,Amtrak
2409,11,Muhammad Ali
2410,11,Traffic stop
2411,11,Vicious Delicious
2412,11,Edward Snowden
2413,11,Writing
2414,11,Sergiu Celibidache
2415,11,Early action
2416,11,Scholarship
2417,11,The Barber of Seville
2418,11,Pictures at an Exhibition
2419,11,The 2016 Rio Olympic Games
2420,11,Blurry
2421,11,University and college admission
2422,11,Quantico
2423,11,Mock interview
2424,11,Early decision
2425,11,Infected Mushroom
2426,11,Alberto Ginastera
2427,11,Joaquín Rodrigo
2428,11,Hammer drill
2429,11,Female
2430,11,Douglas A-4 Skyhawk
2431,11,Michigan Wolverines football
2432,11,Beat
2433,11,West Virginia
2434,11,SUNY-ESF Ranger School
2435,11,Do it yourself
2436,11,Body worn video
2437,11,Candlebox
2438,11,The Oprah Winfrey Show
2439,10,Lafayette Escadrille
2440,10,Physician
2441,10,Video game
2442,10,Lil Wayne
2443,10,Real Time with Bill Maher
2444,10,Penn Jillette
2445,10,Cadence
2446,10,Television advertisement
2447,10,Dredging
2448,10,Athletic trainer
2449,10,Denise Richards
2450,10,Bill Maher
2451,10,1st Special Operations Wing
2452,10,Mark Fuhrman
2453,10,Federal Student Aid
2454,10,Burn center
2455,10,Phonetics
2456,10,Industrial Canal
2457,10,Campanology
2458,10,National Football League Coach of the Year Award
2459,10,PlayStation
2460,10,Joe Rogan
2461,10,Health Professions Scholarship Program
2462,10,Cheyenne Mountain nuclear bunker
2463,10,Bulldozer
2464,10,George Harrison
2465,10,Jumpmaster
2466,10,PlayStation 2
2467,10,Matoma
2468,10,The Notorious B.I.G.
2469,10,San Antonio Military Medical Center
2470,10,Sandy Hook Elementary School shooting conspiracy theories
2471,10,Annika Sörenstam
2472,10,Snake
2473,10,Five Nights at Freddy's 3
2474,10,SOCOM II: U.S. Navy SEALs
2475,10,Ohio State University
2476,10,Selena Gomez
2477,10,William F. Weld
2478,10,School Psychology
2479,10,Leg raise
2480,10,Washington Redskins
2481,10,Racism
2482,10,Fuhrman tapes
2483,10,Health care
2484,10,Veganism
2485,10,"Like Father, Like Son"
2486,10,SOCOM: U.S. Navy SEALs
2487,10,Sony Computer Entertainment
2488,10,Moody Air Force Base
2489,10,Five Nights at Freddy's
2490,10,XLink Kai
2491,10,Bell-ringer
2492,10,Cheyenne Mountain massif
2493,10,College
2494,10,Sandy Hook Elementary School shooting
2495,10,United States Army Corps of Engineers
2496,10,University
2497,10,Center for the Intrepid
2498,10,Burn
2499,9,Water polo
2500,9,Thug Life
2501,9,Pen
2502,9,I Like the Sound of That
2503,9,Ethnic conflict
2504,9,Rémi Gaillard
2505,9,Push-up
2506,9,Cyndi Lauper
2507,9,The View
2508,9,2 Live Crew
2509,9,Late Show with Stephen Colbert
2510,9,Rascal Flatts
2511,9,Quick reaction force
2512,9,Humour
2513,9,Junior Reserve Officer Training Corps
2514,9,Campbell University
2515,9,Hurst Hemi Under Glass
2516,9,Jay Leno's Garage
2517,9,Combat sidestroke
2518,9,Deep Purple
2519,9,Rohan
2520,9,Girls Just Want to Have Fun
2521,9,Zootopia
2522,9,Taiwan
2523,9,She Wore a Yellow Ribbon
2524,9,Pull-up
2525,9,Cross country running
2526,9,"Martin Truex, Jr."
2527,9,National Collegiate Boxing Association
2528,9,World of Warcraft
2529,9,Swab Summer
2530,9,Equestrianism
2531,9,Horse
2532,9,Harlan Ellison
2533,9,Horse training
2534,9,Longeing
2535,9,Fountain pen
2536,9,Rock and Roll Hall of Fame
2537,9,Paul Cardall
2538,9,Jay Leno
2539,9,Eggbeater kick
2540,9,Treading water
2541,9,HMHT-302
2542,9,Room
2543,9,Me So Horny
2544,8,Pakistan Super League
2545,8,Knee
2546,8,Minnesota Vikings
2547,8,Corey Feldman
2548,8,Arsenal
2549,8,Injury
2550,8,Kunsan Air Base
2551,8,Combatives
2552,8,Static stretching
2553,8,Transformers
2554,8,Industrial dance
2555,8,Hazing
2556,8,Carrie Underwood
2557,8,Rapping
2558,8,Cracked.com
2559,8,Posttraumatic stress disorder
2560,8,Stretching
2561,8,Low back pain
2562,8,Wynardtage
2563,8,Harrison Smith
2564,8,Grand Theft Auto
2565,8,Grand Theft Auto V
2566,7,Electricity
2567,7,3rd U.S. Infantry Regiment
2568,7,Phantom circuit
2569,7,Women in combat
2570,7,Gus Bilirakis
2571,7,Liquid nitrogen
2572,7,Helmet
2573,7,God
2574,7,3rd US Infantry Regiment
2575,7,Ancient Fife and Drum Corps
2576,7,Enola Gay
2577,7,John Kirby
2578,7,Tang Soo Do
2579,7,Royal Marines Band Service
2580,7,Boeing Vertol CH-46 Sea Knight
2581,7,Sword
2582,7,Electronic filter
2583,7,Volkswagen Passenger Cars
2584,7,Sandor Clegane
2585,7,Transformer
2586,7,Bullying in teaching
2587,7,Frequency modulation
2588,7,Volkswagen
2589,7,Encyclopedia Dramatica
2590,7,Old Guard Fife and Drum Corps
2591,7,Volkswagen Beetle
2592,7,Monolithic microwave integrated circuit
2593,7,AGM-86 ALCM
2594,7,Matter
2595,7,Truck
2596,7,Corps of drums
2597,7,Caliber
2598,7,Jimmy Tatro
2599,7,Rear admiral
2600,7,Electronic circuit
2601,7,Sanitary sewer
2602,7,Convair B-36 Peacemaker
2603,6,Dixon Ticonderoga Company
2604,6,Autonomous sensory meridian response
2605,6,Gas tungsten arc welding
2606,6,Concert for George
2607,6,Dome
2608,6,Revolution 1
2609,6,Chet Atkins
2610,6,Cordylobia anthropophaga
2611,6,SEMA Show
2612,6,The U.S. Army All-American Bowl
2613,6,Welding
2614,6,3rd Battalion 6th Marines
2615,6,The Beatles
2616,6,Treasure
2617,6,Countryside High School
2618,6,Black
2619,6,Monty Oum
2620,6,United States Army Aviation Branch
2621,6,Truman Crawford
2622,6,Pencil
2623,6,"Symphony no. 4 in F minor, op. 36: IV. Finale. Allegro con fuoco"
2624,6,First Lieutenant
2625,6,Drum Corps International
2626,6,USB
2627,6,Conor Maynard
2628,6,Artillery observer
2629,6,Revolution
2630,6,Winter Guard International
2631,5,Bench dog
2632,5,Call of Duty: Modern Warfare 3
2633,5,Outlaw Country
2634,5,The Bottle Rockets
2635,5,Lock
2636,5,Heart
2637,5,Sniper Wolf
2638,5,DJI Innovations
2639,5,Veterans Health Administration scandal of 2014
2640,5,Heroin
2641,5,Loretta E. Lynch
2642,5,Accident
2643,5,Call of Duty
2644,5,Wire
2645,5,Fanfare for the Common Man
2646,5,Thanksgiving
2647,5,Mousetrap
2648,5,Joint Typhoon Warning Center
2649,5,Lock picking
2650,5,Woodworking
2651,5,Video of U.S. Marines urinating on Taliban fighters
2652,5,Urination
2653,5,Michelle Obama
2654,5,Balikatan
2655,5,Dick Cheney
2656,5,Windham
2657,5,Watson
2658,5,Vladimir Putin
2659,5,Phantom
2660,5,Attention deficit hyperactivity disorder
2661,5,Workbench
2662,5,Studio C
2663,5,Newt Gingrich
2664,5,Wire wrapped jewelry
2665,4,Call of Duty: Black Ops II
2666,4,Tucson Police Department
2667,4,Stephen Colbert
2668,4,Britain's Got Talent
2669,4,Troll doll
2670,4,Firewatch
2671,4,Got Talent
2672,4,Gummi candy
2673,4,Pepsi
2674,4,America's Got Talent
2675,4,Godparent
2676,4,Sexual intercourse
2677,4,Daymon Patterson
2678,4,Trolls
2679,4,Swimming pool
2680,4,Sam Wills
2681,4,Haul video
2682,4,Active duty
2683,4,Mexican people
2684,4,Deus Ex
2685,4,Squat
2686,4,Making out
2687,4,Burger King
2688,4,Deus Ex: Mankind Divided
2689,4,Disturbed
2690,4,While My Guitar Gently Weeps
2691,4,Japanese Language
2692,4,Hitman 6
2693,4,United States Ambassador to Turkey
2694,4,Save It for a Rainy Day
2695,4,Parade
2696,4,Christopher Heben
2697,4,Gameplay
2698,3,Machine Gun Kelly
2699,3,Call Me Maybe
2700,3,Sailor
2701,3,MilSim
2702,3,Our Last Fight
2703,3,Carly Rae Jepsen
2704,3,Cyber Monday
2705,3,Force-feeding
2706,3,Van Jones
2707,3,American Sniper: The Autobiography of the Most Lethal Sniper in U.S. Military History
2708,3,Chris Tomlin
2709,3,School
2710,3,How Great Is Our God
2711,3,Phil Wickham
2712,3,Chris Kyle
2713,3,Procrastination
2714,3,Katumba Wamala
2715,3,Scala & Kolacny Brothers
2716,3,Screaming Trees
2717,2,SOCOM 4: U.S. Navy SEALs
2718,2,Star Wars: The Clone Wars
2719,2,Never Let Go
2720,2,Achievement Hunter
2721,2,Laughter
2722,2,Die Young
2723,2,On My Block
2724,2,Ghostbusters
2725,2,Ahsoka Tano
2726,2,Michael O'Hearn
2727,2,Deadlift
2728,2,Adobe Photoshop
2729,2,PlayStation Move
2730,2,Star Wars: Episode VIII
2731,2,Darth Vader
2732,2,Cathy O'Brien
2733,2,White privilege
2734,2,Kesha
2735,2,My Block
2736,2,Scarface
2737,2,SOCOM: U.S. Navy SEALs Confrontation
2738,2,Texas Longhorns football
2739,2,Twenty One Pilots
2740,2,Parachute cord
2741,2,WatchMojo.com
2742,2,Intermittent fasting
2743,2,Penn State Nittany Lions football
2744,2,Photoelectric effect
2745,2,Britney Spears
2746,2,Drum beat
2747,2,Tik Tok
2748,2,Let's Play
2749,2,Work
2750,1,Drummer
2751,1,Joe Nichols
2752,1,Astrud Gilberto
2753,1,Magnesium sulfate
2754,1,United States Department of Veterans Affairs Police
2755,1,StG 44
2756,1,Watch the Sun Come Up
2757,1,Dead Rising
2758,1,Air Jordan
2759,1,LWRC International
2760,1,Daniel Kaluuya
2761,1,Tom Clancy's Rainbow Six
2762,1,Example
2763,1,Tom Clancy's Rainbow Six: Siege
2764,1,Tequila Makes Her Clothes Fall Off
2765,1,CollegeHumor
2766,1,Limp Bizkit
2767,1,My Way
2768,1,Cyanide & Happiness
2769,1,Late Night with Seth Meyers
2770,1,Jennifer Lawrence
2771,1,1st Battalion 2nd Marines
